time,Roll,Pitch,Yaw,TimeSec
17:46:00.019,240.89,-31.86,,63960.019
17:46:00.139,233.23,-16.4,,63960.139
17:46:00.231,260.88,11.89,1.0,63960.231
17:46:00.320,246.34,-7.45,1.0,63960.32
17:46:00.441,-72.98,16.83,1.0,63960.441
17:46:00.531,4.17,3.66,5.79,63960.531
17:46:00.620,266.81,16.63,0.0,63960.62
17:46:00.739,232.56,14.47,,63960.739
17:46:00.861,265.4,20.24,,63960.861
17:46:00.919,-6.62,12.58,-9.0,63960.919
17:46:01.039,-1.87,0.54,-21.0,63961.039
17:46:01.167,220.93,-27.47,,63961.167
17:46:01.222,227.41,-34.81,,63961.222
17:46:01.342,229.46,-27.29,,63961.342
17:46:01.430,213.96,17.46,,63961.43
17:46:01.553,11.56,13.43,5.0,63961.553
17:46:01.645,-92.44,8.66,8.0,63961.645
17:46:01.765,202.31,-4.8,2.0,63961.765
17:46:01.821,28.02,7.47,-1.0,63961.821
17:46:01.944,-55.19,23.29,,63961.944
17:46:02.031,232.89,12.58,,63962.031
17:46:02.119,-90.34,21.83,,63962.119
17:46:02.244,3.09,9.97,-17.0,63962.244
17:46:02.336,-0.92,-1.29,-2.0,63962.336
17:46:02.455,216.27,-31.95,,63962.455
17:46:02.546,218.03,-33.39,,63962.546
17:46:02.630,223.85,-28.14,,63962.63
17:46:02.755,213.47,12.35,3.0,63962.755
17:46:02.839,22.72,-18.66,8.0,63962.839
17:46:02.936,-40.3,-8.43,1.0,63962.936
17:46:03.050,232.84,-6.44,1.0,63963.05
17:46:03.202,-65.34,16.46,4.0,63963.202
17:46:03.261,-70.92,20.07,1.0,63963.261
17:46:03.355,227.05,13.47,,63963.355
17:46:03.470,257.15,20.31,,63963.47
17:46:03.590,1.89,13.86,-10.0,63963.59
17:46:03.652,8.81,9.26,-18.0,63963.652
17:46:03.769,222.32,-30.56,,63963.769
17:46:03.860,219.58,-30.07,,63963.86
17:46:03.981,228.62,-20.83,,63963.981
17:46:04.068,220.02,13.43,,63964.068
17:46:04.162,22.53,-17.64,,63964.162
17:46:04.280,-22.79,-9.45,,63964.28
17:46:04.370,54.45,10.06,-4.0,63964.37
17:46:04.495,1.35,9.3,-9.6,63964.495
17:46:04.549,233.76,19.37,,63964.549
17:46:04.672,235.14,15.29,,63964.672
17:46:04.759,232.34,19.34,,63964.759
17:46:04.914,1.29,8.16,-24.0,63964.914
17:46:05.004,61.72,18.11,-3.0,63965.004
17:46:05.060,217.93,-26.32,,63965.06
17:46:05.150,217.56,-33.61,,63965.15
17:46:05.304,229.4,-21.68,,63965.304
17:46:05.393,-44.6,17.29,,63965.393
17:46:05.509,218.71,23.33,,63965.509
17:46:05.600,236.67,2.53,4.0,63965.6
17:46:05.696,202.64,3.73,-3.0,63965.696
17:46:05.786,-58.04,20.43,,63965.786
17:46:05.875,-10.18,24.95,,63965.875
17:46:05.962,254.56,21.49,,63965.962
17:46:06.116,-57.31,22.51,,63966.116
17:46:06.173,-23.07,16.85,,63966.173
17:46:06.290,38.28,12.17,-2.0,63966.29
17:46:06.385,221.45,-33.28,,63966.385
17:46:06.595,220.44,-31.24,,63966.595
17:46:06.681,198.66,17.47,,63966.681
17:46:06.805,-83.53,0.04,-2.0,63966.805
17:46:06.920,253.24,-11.69,,63966.92
17:46:07.010,186.49,12.61,,63967.01
17:46:07.099,247.07,20.96,,63967.099
17:46:07.219,-84.71,24.11,,63967.219
17:46:07.312,246.57,15.06,,63967.312
17:46:07.429,14.22,22.76,-1.0,63967.429
17:46:07.521,224.31,13.05,,63967.521
17:46:07.613,-10.59,6.51,-2.0,63967.613
17:46:07.700,195.14,-22.25,,63967.7
17:46:07.820,209.63,-33.46,,63967.82
17:46:07.910,221.48,-36.31,,63967.91
17:46:08.002,223.68,-24.8,,63968.002
17:46:08.090,-86.71,13.97,1.0,63968.09
17:46:08.210,-76.85,5.92,14.0,63968.21
17:46:08.332,215.18,-16.08,,63968.332
17:46:08.422,-0.39,9.16,4.4,63968.422
17:46:08.545,-86.28,19.44,4.0,63968.545
17:46:08.635,-60.27,19.86,,63968.635
17:46:08.724,34.95,7.58,-2.0,63968.724
17:46:08.809,52.42,20.66,-8.0,63968.809
17:46:08.903,-23.8,7.5,-1.0,63968.903
17:46:09.055,223.24,-32.99,,63969.055
17:46:09.113,217.57,-34.37,,63969.113
17:46:09.232,220.59,-28.15,,63969.232
17:46:09.324,213.04,-6.18,8.0,63969.324
17:46:09.412,15.32,-30.28,2.0,63969.412
17:46:09.535,224.78,-10.74,,63969.535
17:46:09.656,195.9,2.03,18.0,63969.656
17:46:09.803,261.16,18.49,1.0,63969.803
17:46:09.890,-70.72,20.02,1.0,63969.89
17:46:09.950,33.37,13.32,6.0,63969.95
17:46:10.038,17.21,14.41,4.0,63970.038
17:46:10.128,-23.06,7.03,-3.0,63970.128
17:46:10.223,195.01,-7.73,,63970.223
17:46:10.338,222.46,-43.32,,63970.338
17:46:10.458,232.09,-35.37,,63970.458
17:46:10.548,221.16,4.2,11.0,63970.548
17:46:10.668,22.96,-29.72,3.0,63970.668
17:46:10.730,-2.93,10.07,31.0,63970.73
17:46:10.849,203.84,-12.79,,63970.849
17:46:10.971,237.04,12.17,1.0,63970.971
17:46:11.058,-72.47,21.35,1.0,63971.058
17:46:11.148,231.83,17.51,1.0,63971.148
17:46:11.240,-69.9,15.41,1.0,63971.24
17:46:11.388,246.41,10.31,1.0,63971.388
17:46:11.448,228.62,-14.02,,63971.448
17:46:11.628,237.55,-18.3,,63971.628
17:46:11.629,-91.38,-18.47,,63971.629
17:46:11.778,230.15,-19.69,,63971.778
17:46:11.838,219.8,-27.69,,63971.838
17:46:11.993,214.04,6.94,9.0,63971.993
17:46:12.048,-66.14,-6.98,1.0,63972.048
17:46:12.170,158.39,18.76,1.0,63972.17
17:46:12.229,-69.69,22.89,2.0,63972.229
17:46:12.349,-74.69,20.53,2.0,63972.349
17:46:12.442,12.62,23.32,28.0,63972.442
17:46:12.594,-59.74,22.62,3.0,63972.594
17:46:12.684,258.33,20.57,3.0,63972.684
17:46:12.774,-58.56,20.2,3.0,63972.774
17:46:12.890,-21.38,14.45,4.0,63972.89
17:46:12.985,-19.12,6.14,48.0,63972.985
17:46:13.038,-24.42,4.29,54.0,63973.038
17:46:13.189,220.07,15.67,5.0,63973.189
17:46:13.284,-46.15,-7.37,4.0,63973.284
17:46:13.400,-46.75,-4.61,3.0,63973.4
17:46:13.489,-52.13,5.45,40.0,63973.489
17:46:13.579,-75.99,3.16,45.0,63973.579
17:46:13.698,-60.62,10.68,4.0,63973.698
17:46:13.760,-53.04,3.65,47.0,63973.76
17:46:13.854,-40.09,7.89,49.0,63973.854
17:46:13.969,-35.97,8.95,47.0,63973.969
17:46:14.090,-45.33,9.15,50.0,63974.09
17:46:14.152,-38.48,9.92,45.0,63974.152
17:46:14.268,-44.17,10.47,4.0,63974.268
17:46:14.363,-40.06,9.4,43.0,63974.363
17:46:14.480,-46.0,9.21,48.0,63974.48
17:46:14.598,-40.57,9.68,42.0,63974.598
17:46:14.689,-43.46,9.17,47.0,63974.689
17:46:14.809,-45.2,9.83,50.0,63974.809
17:46:14.900,-41.61,12.34,4.0,63974.9
17:46:14.991,-45.25,8.99,47.0,63974.991
17:46:15.116,-50.49,9.46,51.0,63975.116
17:46:15.170,-46.33,9.09,47.0,63975.17
17:46:15.292,-39.82,8.67,45.0,63975.292
17:46:15.410,-48.12,10.29,4.0,63975.41
17:46:15.502,-43.91,10.6,4.0,63975.502
17:46:15.619,-32.8,9.17,48.0,63975.619
17:46:15.711,-37.14,10.22,4.0,63975.711
17:46:15.769,-35.48,9.84,43.0,63975.769
17:46:15.924,-43.14,9.59,43.0,63975.924
17:46:16.014,-40.04,9.81,45.0,63976.014
17:46:16.136,-40.99,7.81,39.0,63976.136
17:46:16.225,-49.16,11.17,4.0,63976.225
17:46:16.316,-92.31,9.22,43.0,63976.316
17:46:16.404,-86.55,4.55,39.0,63976.404
17:46:16.525,-56.98,9.62,24.0,63976.525
17:46:16.639,-82.8,8.1,28.0,63976.639
17:46:16.701,-90.31,12.37,2.0,63976.701
17:46:16.792,-74.31,16.85,3.0,63976.792
17:46:16.913,-72.33,2.71,27.0,63976.913
17:46:17.003,-46.5,19.03,2.0,63977.003
17:46:17.097,-37.35,17.19,2.0,63977.097
17:46:17.240,-35.11,20.75,2.0,63977.24
17:46:17.306,230.62,20.8,2.0,63977.306
17:46:17.419,245.09,19.03,1.0,63977.419
17:46:17.514,230.6,18.6,1.0,63977.514
17:46:17.605,237.68,15.5,1.0,63977.605
17:46:17.695,232.09,16.96,1.0,63977.695
17:46:17.815,-89.01,17.34,2.0,63977.815
17:46:17.900,224.01,10.57,2.0,63977.9
17:46:18.019,32.76,-1.77,26.0,63978.019
17:46:18.109,-78.32,22.5,2.0,63978.109
17:46:18.230,-91.12,17.85,3.0,63978.23
17:46:18.319,-18.97,18.3,2.0,63978.319
17:46:18.442,-51.96,17.84,3.0,63978.442
17:46:18.532,-32.52,16.03,3.0,63978.532
17:46:18.619,-37.93,15.99,3.0,63978.619
17:46:18.740,-39.39,15.3,3.0,63978.74
17:46:18.831,-37.49,15.25,3.0,63978.831
17:46:18.951,-43.67,15.53,3.0,63978.951
17:46:19.041,-42.58,15.44,3.0,63979.041
17:46:19.159,-43.55,15.4,3.0,63979.159
17:46:19.223,-42.7,15.32,3.0,63979.223
17:46:19.373,-40.68,14.86,3.0,63979.373
17:46:19.465,-33.14,14.66,3.0,63979.465
17:46:19.554,-37.57,15.85,3.0,63979.554
17:46:19.675,-54.17,16.04,3.0,63979.675
17:46:19.765,-53.7,17.89,2.0,63979.765
17:46:19.855,-78.51,18.45,2.0,63979.855
17:46:19.976,248.5,15.01,1.0,63979.976
17:46:20.062,255.96,15.16,1.0,63980.062
17:46:20.155,225.84,17.57,1.0,63980.155
17:46:20.246,231.45,16.19,1.0,63980.246
17:46:20.366,226.47,5.97,10.0,63980.366
17:46:20.457,228.65,10.45,1.0,63980.457
17:46:20.544,224.57,12.92,1.0,63980.544
17:46:20.665,236.78,14.46,1.0,63980.665
17:46:20.754,248.19,18.43,1.0,63980.754
17:46:20.874,-69.3,9.07,6.0,63980.874
17:46:20.959,207.05,3.44,3.0,63980.959
17:46:21.049,223.27,-20.12,,63981.049
17:46:21.170,252.86,-2.09,,63981.17
17:46:21.259,238.98,-2.84,,63981.259
17:46:21.379,253.44,6.77,14.0,63981.379
17:46:21.442,196.17,10.71,1.0,63981.442
17:46:21.559,204.88,-56.73,,63981.559
17:46:21.655,194.94,-15.98,,63981.655
17:46:21.770,208.39,9.37,5.0,63981.77
17:46:21.865,186.38,10.37,6.0,63981.865
17:46:21.949,192.44,2.43,9.0,63981.949
17:46:22.135,-17.61,17.44,5.0,63982.135
17:46:22.160,21.88,-9.04,1.0,63982.16
17:46:22.281,221.95,-23.25,,63982.281
17:46:22.401,221.58,-42.42,,63982.401
17:46:22.493,221.56,-42.06,,63982.493
17:46:22.550,191.84,-42.45,,63982.55
17:46:22.704,171.16,-55.78,,63982.704
17:46:22.796,207.28,-32.64,,63982.796
17:46:22.938,208.19,-18.81,,63982.938
17:46:22.998,24.3,-16.83,8.0,63982.998
17:46:23.149,32.24,-30.77,2.0,63983.149
17:46:23.208,217.43,-6.72,,63983.208
17:46:23.268,221.33,-39.17,,63983.268
17:46:23.389,210.85,-80.77,,63983.389
17:46:23.478,-0.29,2.32,45.0,63983.478
17:46:23.569,7.86,2.5,24.8,63983.569
17:46:23.718,199.06,-25.7,,63983.718
17:46:23.813,-4.31,-5.27,8.0,63983.813
17:46:23.872,32.34,-51.3,5.0,63983.872
17:46:24.018,230.73,-5.58,,63984.018
17:46:24.080,221.98,-45.43,,63984.08
17:46:24.228,197.89,-84.8,,63984.228
17:46:24.325,225.51,-75.98,,63984.325
17:46:24.378,4.78,11.53,25.0,63984.378
17:46:24.468,204.2,-39.81,,63984.468
17:46:24.591,22.54,-21.57,1.0,63984.591
17:46:24.708,44.25,-16.01,2.0,63984.708
17:46:24.800,203.27,-10.39,,63984.8
17:46:24.893,214.77,-51.73,,63984.893
17:46:25.010,223.09,-82.82,,63985.01
17:46:25.098,262.76,-64.41,,63985.098
17:46:25.218,265.96,-84.48,,63985.218
17:46:25.308,195.06,-27.74,,63985.308
17:46:25.399,28.83,-20.79,7.0,63985.399
17:46:25.493,25.92,4.72,2.4,63985.493
17:46:25.615,212.54,-16.76,,63985.615
17:46:25.728,219.98,-55.78,,63985.728
17:46:25.818,191.6,-80.84,,63985.818
17:46:25.909,223.34,-84.79,,63985.909
17:46:26.031,190.74,-52.38,,63986.031
17:46:26.121,227.74,2.6,14.0,63986.121
17:46:26.213,36.23,-36.81,6.0,63986.213
17:46:26.331,-5.74,12.97,-1.0,63986.331
17:46:26.418,222.0,-37.98,,63986.418
17:46:26.510,217.89,-56.52,,63986.51
17:46:26.629,215.56,-56.54,,63986.629
17:46:26.719,3.49,0.67,62.9,63986.719
17:46:26.842,213.2,-27.71,,63986.842
17:46:26.931,-10.35,4.69,17.0,63986.931
17:46:27.024,38.21,-45.43,1.0,63987.024
17:46:27.144,190.29,-2.7,,63987.144
17:46:27.234,223.77,-39.86,,63987.234
17:46:27.919,178.09,3.24,6.0,63987.919
17:46:28.071,221.97,-43.25,,63988.071
17:46:28.195,211.26,-63.51,,63988.195
17:46:28.279,217.33,-72.24,,63988.279
17:46:28.430,203.23,-35.58,,63988.43
17:46:28.520,-9.96,0.35,0.0,63988.52
17:46:28.639,36.58,-41.95,,63988.639
17:46:28.733,245.59,0.84,-2.0,63988.733
17:46:28.852,224.3,-41.08,,63988.852
17:46:28.939,206.44,-50.83,,63988.939
17:46:29.029,-44.32,-99.77,,63989.029
17:46:29.151,242.78,-14.7,,63989.151
17:46:29.239,211.56,-31.56,,63989.239
17:46:29.361,9.03,-6.67,6.2,63989.361
17:46:29.449,31.86,-36.49,0.0,63989.449
17:46:29.539,225.02,-1.55,,63989.539
17:46:29.692,223.22,-39.49,,63989.692
17:46:29.751,204.13,-42.46,,63989.751
17:46:29.870,-87.8,-85.26,,63989.87
17:46:29.960,227.73,-94.83,,63989.96
17:46:30.050,209.09,-30.64,,63990.05
17:46:30.170,15.39,-6.49,5.0,63990.17
17:46:30.259,30.7,-40.97,,63990.259
17:46:30.378,227.32,-3.19,,63990.378
17:46:30.470,221.89,-43.92,,63990.47
17:46:30.562,207.38,-51.38,,63990.562
17:46:30.682,251.78,-80.14,,63990.682
17:46:30.859,193.24,-37.97,,63990.859
17:46:31.039,21.67,-23.13,,63991.039
17:46:31.070,31.57,-24.79,,63991.07
17:46:31.189,221.44,-4.66,,63991.189
17:46:31.282,213.72,-46.76,,63991.282
17:46:31.433,204.93,-74.13,,63991.433
17:46:31.521,208.68,-70.54,,63991.521
17:46:31.582,199.97,-15.0,,63991.582
17:46:31.699,194.57,-7.57,,63991.699
17:46:31.908,37.7,-46.61,,63991.908
17:46:31.938,45.68,2.26,-35.0,63991.938
17:46:31.999,215.44,-33.35,,63991.999
17:46:32.119,217.37,-61.02,,63992.119
17:46:32.209,210.54,-46.03,,63992.209
17:46:32.303,1.8,6.32,19.4,63992.303
17:46:32.421,221.94,-1.57,,63992.421
17:46:32.509,197.48,-13.66,,63992.509
17:46:32.599,43.54,-27.0,,63992.599
17:46:32.720,5.74,-2.06,-40.0,63992.72
17:46:32.779,216.67,-34.87,,63992.779
17:46:32.899,218.04,-62.49,,63992.899
17:46:32.990,214.53,-44.07,,63992.99
17:46:33.079,214.77,-23.64,,63993.079
17:46:33.200,207.84,-2.74,,63993.2
17:46:33.290,-6.39,7.66,-14.0,63993.29
17:46:33.410,47.66,-49.74,,63993.41
17:46:33.501,-1.23,5.87,-39.0,63993.501
17:46:33.590,227.27,-51.52,,63993.59
17:46:33.712,226.5,-74.79,,63993.712
17:46:33.801,212.02,1.15,18.0,63993.801
17:46:33.890,146.88,-39.12,,63993.89
17:46:34.042,201.32,-16.39,,63994.042
17:46:34.099,22.12,-21.08,,63994.099
17:46:34.254,32.84,-7.36,-1.0,63994.254
17:46:34.312,210.56,-4.68,,63994.312
17:46:34.402,218.42,-55.43,,63994.402
17:46:34.519,206.81,-86.49,,63994.519
17:46:34.613,252.98,-68.82,,63994.613
17:46:34.703,250.39,-87.01,,63994.703
17:46:34.822,192.43,-23.49,,63994.822
17:46:34.912,43.55,-49.2,,63994.912
17:46:35.035,-9.56,-2.17,-2.0,63995.035
17:46:35.119,219.61,-47.5,,63995.119
17:46:35.211,212.81,-73.59,,63995.211
17:46:35.330,-69.42,-49.84,,63995.33
17:46:35.421,13.39,-4.0,5.0,63995.421
17:46:35.540,190.36,-37.6,,63995.54
17:46:35.629,40.91,-36.98,,63995.629
17:46:35.751,14.58,-8.91,-2.0,63995.751
17:46:35.809,196.05,-16.74,,63995.809
17:46:35.960,211.7,-69.35,,63995.96
17:46:36.019,210.4,-79.09,,63996.019
17:46:36.112,207.32,-56.82,,63996.112
17:46:36.290,198.04,-19.53,,63996.29
17:46:36.383,-1.1,-3.1,-4.0,63996.383
17:46:36.409,36.95,-50.87,,63996.409
17:46:36.566,184.43,8.22,-6.0,63996.566
17:46:36.651,210.46,-52.52,,63996.651
17:46:36.740,205.16,-81.35,,63996.74
17:46:36.829,-29.84,9.43,-5.0,63996.829
17:46:36.951,223.78,-76.37,,63996.951
17:46:37.102,205.07,-11.09,,63997.102
17:46:37.129,31.43,-31.75,,63997.129
17:46:37.220,25.54,-28.47,,63997.22
17:46:37.369,219.82,-38.34,,63997.369
17:46:37.462,236.89,-75.76,,63997.462
17:46:37.582,261.52,-0.0,,63997.582
17:46:37.671,-76.0,21.59,,63997.671
17:46:37.731,212.7,-92.45,,63997.731
17:46:37.883,30.57,-21.52,,63997.883
17:46:37.972,31.94,-7.01,-5.0,63997.972
17:46:38.060,204.78,-16.39,,63998.06
17:46:38.150,215.41,-44.35,,63998.15
17:46:38.239,202.1,-82.97,,63998.239
17:46:38.365,-3.44,-4.91,-3.0,63998.365
17:46:38.513,208.84,-79.75,,63998.513
17:46:38.539,194.83,-32.42,,63998.539
17:46:38.726,37.56,-48.22,,63998.726
17:46:38.780,7.6,5.24,-61.0,63998.78
17:46:38.900,221.5,-51.54,,63998.9
17:46:38.990,218.5,-78.01,,63998.99
17:46:39.054,216.45,-69.1,,63999.054
17:46:39.172,212.17,-45.97,,63999.172
17:46:39.293,198.22,-22.86,,63999.293
17:46:39.387,35.8,-35.83,,63999.387
17:46:39.501,18.46,-40.9,,63999.501
17:46:39.590,216.54,-21.93,,63999.59
17:46:39.679,218.89,-46.93,,63999.679
17:46:39.800,217.28,-80.24,,63999.8
17:46:39.891,204.49,-61.84,,63999.891
17:46:39.979,197.27,-24.1,,63999.979
17:46:40.100,-0.63,1.22,-30.0,64000.1
17:46:40.220,84.51,-8.19,-3.0,64000.22
17:46:40.280,180.82,5.22,-5.0,64000.28
17:46:40.403,212.26,-54.23,,64000.403
17:46:40.491,215.87,-85.41,,64000.491
17:46:40.585,-23.35,-24.97,,64000.585
17:46:40.674,26.98,-11.5,,64000.674
17:46:40.790,195.71,-39.15,,64000.79
17:46:40.910,41.02,-48.54,,64000.91
17:46:41.003,21.7,-29.06,,64001.003
17:46:41.122,220.67,-38.75,,64001.122
17:46:41.215,222.36,-81.52,,64001.215
17:46:41.269,202.62,-79.44,,64001.269
17:46:41.390,204.78,-64.92,,64001.39
17:46:41.479,196.13,-33.67,,64001.479
17:46:41.602,-2.19,0.51,-33.0,64001.602
17:46:41.695,86.9,-20.6,,64001.695
17:46:41.784,-47.31,19.34,,64001.784
17:46:41.907,215.46,-50.56,,64001.907
17:46:41.994,210.03,-92.83,,64001.994
17:46:42.115,205.07,-70.4,,64002.115
17:46:42.207,231.23,-91.26,,64002.207
17:46:42.350,223.52,-3.36,,64002.35
17:46:42.470,36.69,-51.29,,64002.47
17:46:42.500,19.83,-2.16,-4.0,64002.5
17:46:42.619,223.6,-45.04,,64002.619
17:46:42.709,215.71,-87.85,,64002.709
17:46:42.807,-20.9,-11.19,,64002.807
17:46:42.918,36.6,-24.03,,64002.918
17:46:43.015,196.09,-30.98,,64003.015
17:46:43.135,32.17,-38.2,,64003.135
17:46:43.219,12.06,-12.92,,64003.219
17:46:43.339,219.83,-39.51,,64003.339
17:46:43.550,215.23,-83.8,,64003.55
17:46:43.640,206.79,-65.35,,64003.64
17:46:43.734,206.97,-19.17,,64003.734
17:46:43.851,8.57,-4.49,-35.0,64003.851
17:46:43.941,47.24,-12.55,,64003.941
17:46:43.999,16.23,-12.64,,64003.999
17:46:44.154,215.06,-56.47,,64004.154
17:46:44.243,216.03,-89.34,,64004.243
17:46:44.395,4.13,-30.35,-0.0,64004.395
17:46:44.454,7.91,2.57,-12.0,64004.454
17:46:44.509,193.21,-33.68,,64004.509
17:46:44.665,34.53,-46.78,,64004.665
17:46:44.786,18.34,-18.43,,64004.786
17:46:44.840,217.94,-35.57,,64004.84
17:46:44.962,216.02,-75.31,,64004.962
17:46:45.056,-78.52,1.72,2.0,64005.056
17:46:45.175,219.62,-7.27,1.0,64005.175
17:46:45.267,197.73,-20.4,,64005.267
17:46:45.355,9.97,-12.2,-2.0,64005.355
17:46:45.560,26.88,-13.76,,64005.56
17:46:45.560,92.4,15.91,-4.0,64005.56
17:46:45.684,211.58,-52.78,,64005.684
17:46:45.742,219.27,-85.5,,64005.742
17:46:45.861,217.55,-67.86,,64005.861
17:46:46.070,236.02,0.61,-2.0,64006.07
17:46:46.159,32.53,-27.57,,64006.159
17:46:46.312,15.12,-24.86,,64006.312
17:46:46.368,220.13,-42.99,,64006.368
17:46:46.460,219.32,-73.86,,64006.46
17:46:46.580,-32.8,11.16,0.0,64006.58
17:46:46.642,209.52,-68.79,,64006.642
17:46:46.767,189.76,-34.4,,64006.767
17:46:46.879,10.95,-10.6,,64006.879
17:46:46.942,43.62,-44.78,,64006.942
17:46:47.123,185.88,-13.35,,64007.123
17:46:47.149,215.1,-51.47,,64007.149
17:46:47.243,222.93,-86.04,,64007.243
17:46:47.359,-83.87,4.62,24.0,64007.359
17:46:47.450,206.44,0.29,17.0,64007.45
17:46:47.542,197.14,-30.75,,64007.542
17:46:47.725,27.9,-43.54,,64007.725
17:46:47.750,19.01,-35.47,,64007.75
17:46:47.869,214.16,-24.73,,64007.869
17:46:47.961,223.67,-55.41,,64007.961
17:46:48.051,220.52,-76.77,,64008.051
17:46:48.171,206.74,-60.45,,64008.171
17:46:48.262,195.94,-20.13,,64008.262
17:46:48.595,8.84,-8.62,-17.0,64008.595
17:46:48.596,43.35,-21.72,,64008.596
17:46:48.596,186.02,-9.33,,64008.596
17:46:48.716,205.43,-55.14,,64008.716
17:46:48.800,206.88,-71.44,,64008.8
17:46:48.893,216.43,-78.61,,64008.893
17:46:49.009,241.11,-95.63,,64009.009
17:46:49.105,229.91,-2.38,,64009.105
17:46:49.250,33.71,-49.81,,64009.25
17:46:49.340,1.98,-19.28,-4.0,64009.34
17:46:49.369,211.91,-30.02,,64009.369
17:46:49.495,211.58,-58.96,,64009.495
17:46:49.614,3.24,-19.52,12.0,64009.614
17:46:49.672,210.35,-64.18,,64009.672
17:46:49.820,195.4,-27.47,,64009.82
17:46:49.939,23.3,-16.45,,64009.939
17:46:50.035,23.84,-1.96,-2.0,64010.035
17:46:50.124,183.5,-15.86,,64010.124
17:46:50.212,209.61,-44.86,,64010.212
17:46:50.330,208.23,-80.72,,64010.33
17:46:50.392,-58.84,-32.05,,64010.392
17:46:50.485,226.77,16.85,,64010.485
17:46:50.604,196.21,-38.63,,64010.604
17:46:50.689,29.76,-38.55,,64010.689
17:46:50.780,25.27,-32.72,,64010.78
17:46:50.899,206.8,-24.93,,64010.899
17:46:50.996,208.24,-55.71,,64010.996
17:46:51.111,252.17,-22.91,,64011.111
17:46:51.205,212.15,-48.87,,64011.205
17:46:51.353,202.87,-10.21,,64011.353
17:46:51.411,-25.8,13.71,,64011.411
17:46:51.532,51.32,-33.58,,64011.532
17:46:51.655,5.36,-5.6,-29.0,64011.655
17:46:51.714,223.63,-39.14,,64011.714
17:46:51.835,211.96,-82.65,,64011.835
17:46:51.919,-18.09,-21.38,,64011.919
17:46:52.040,-92.13,20.89,,64012.04
17:46:52.131,196.84,-28.38,,64012.131
17:46:52.223,24.98,-7.2,-3.0,64012.223
17:46:52.430,50.51,-17.48,,64012.43
17:46:52.431,200.17,-20.28,,64012.431
17:46:52.615,226.4,-58.02,,64012.615
17:46:52.639,206.17,-73.71,,64012.639
17:46:52.737,229.24,-78.0,,64012.737
17:46:52.849,225.1,-96.29,,64012.849
17:46:52.939,187.47,-28.96,,64012.939
17:46:53.090,36.16,-26.69,,64013.09
17:46:53.179,-60.1,6.64,-4.0,64013.179
17:46:53.243,239.36,-31.24,,64013.243
17:46:53.335,228.55,-68.99,,64013.335
17:46:53.449,184.08,-15.73,,64013.449
17:46:53.546,221.89,-60.49,,64013.546
17:46:53.660,210.03,-95.8,,64013.66
17:46:53.965,231.17,6.93,-6.0,64013.965
17:46:53.967,43.47,-38.78,,64013.967
17:46:53.967,-24.14,17.47,,64013.967
17:46:54.050,233.65,-44.85,,64014.05
17:46:54.172,221.21,-72.22,,64014.172
17:46:54.231,200.66,-74.07,,64014.231
17:46:54.356,212.0,-77.98,,64014.356
17:46:54.470,187.34,-38.75,,64014.47
17:46:54.562,9.97,-0.92,-64.0,64014.562
17:46:54.746,42.25,-20.3,,64014.746
17:46:54.769,-74.69,10.48,,64014.769
17:46:54.830,234.67,-51.95,,64014.83
17:46:55.045,229.0,-66.53,,64015.045
17:46:55.045,231.06,-12.06,,64015.045
17:46:55.193,-74.28,-57.28,,64015.193
17:46:55.279,185.13,-32.77,,64015.279
17:46:55.372,-1.48,-2.21,-5.0,64015.372
17:46:55.465,161.78,23.2,,64015.465
17:46:55.553,199.22,-1.82,,64015.553
17:46:55.671,214.12,-67.85,,64015.671
17:46:55.795,202.13,-74.52,,64015.795
17:46:55.887,262.04,-62.79,,64015.887
17:46:56.004,237.4,3.49,-4.0,64016.004
17:46:56.095,244.68,7.43,-5.0,64016.095
17:46:56.209,51.76,-51.6,,64016.209
17:46:56.271,1.4,0.73,-81.0,64016.271
17:46:56.362,218.12,-41.8,,64016.362
17:46:56.452,215.75,-82.15,,64016.452
17:46:56.575,-55.74,15.24,,64016.575
17:46:56.690,-15.73,16.12,,64016.69
17:46:56.780,192.52,-46.12,,64016.78
17:46:56.907,28.2,-26.53,,64016.907
17:46:57.085,46.71,-31.97,,64017.085
17:46:57.085,214.8,-29.17,,64017.085
17:46:57.206,211.31,-73.61,,64017.206
17:46:57.290,203.68,-48.32,,64017.29
17:46:57.379,216.14,-59.82,,64017.379
17:46:57.531,203.26,-43.9,,64017.531
17:46:57.559,201.84,-15.7,,64017.559
17:46:57.684,35.98,-43.43,,64017.684
17:46:57.835,11.43,5.86,-87.0,64017.835
17:46:57.979,214.58,-51.41,,64017.979
17:46:58.011,219.98,-70.55,,64018.011
17:46:58.164,-36.51,-18.37,,64018.164
17:46:58.190,47.85,-9.74,-2.0,64018.19
17:46:58.310,194.05,-33.65,,64018.31
17:46:58.404,25.26,-18.18,,64018.404
17:46:58.490,209.9,25.17,,64018.49
17:46:58.609,194.22,-25.35,,64018.609
17:46:58.766,217.16,-59.83,,64018.766
17:46:58.790,216.1,-73.75,,64018.79
17:46:58.880,-16.55,-14.3,,64018.88
17:46:59.002,25.29,-5.6,-1.0,64019.002
17:46:59.124,203.94,-23.89,,64019.124
17:46:59.182,25.87,-29.36,,64019.182
17:46:59.332,25.56,-22.41,,64019.332
17:46:59.421,218.77,-34.28,,64019.421
17:46:59.546,214.08,-66.33,,64019.546
17:46:59.634,204.78,-69.05,,64019.634
17:46:59.724,205.86,-61.13,,64019.724
17:46:59.816,191.98,-23.62,,64019.816
17:46:59.905,216.08,-4.3,,64019.905
17:47:00.049,38.2,-56.84,,64020.049
17:47:00.141,14.18,-0.13,-6.0,64020.141
17:47:00.204,223.26,-35.82,,64020.204
17:47:00.290,218.65,-69.47,,64020.29
17:47:00.443,-18.99,2.24,-2.0,64020.443
17:47:00.502,43.08,-22.61,,64020.502
17:47:00.621,198.62,-26.48,,64020.621
17:47:00.715,25.23,-17.91,,64020.715
17:47:00.805,60.59,10.52,-8.0,64020.805
17:47:00.949,215.38,-31.95,,64020.949
17:47:01.133,210.87,-59.37,,64021.133
17:47:01.134,206.96,-82.77,,64021.134
17:47:01.250,220.05,-62.58,,64021.25
17:47:01.342,200.27,-14.0,,64021.342
17:47:01.430,-60.28,5.75,-6.0,64021.43
17:47:01.584,42.56,-50.38,,64021.584
17:47:01.639,-51.43,21.44,,64021.639
17:47:01.730,220.85,-45.69,,64021.73
17:47:01.825,214.74,-71.97,,64021.825
17:47:01.977,-57.74,-55.3,,64021.977
17:47:02.060,229.15,-58.8,,64022.06
17:47:02.123,201.19,-33.74,,64022.123
17:47:02.302,33.77,-44.04,,64022.302
17:47:02.395,12.44,-8.45,-9.0,64022.395
17:47:02.540,215.94,-43.53,,64022.54
17:47:02.570,212.25,-75.82,,64022.57
17:47:02.755,-83.82,-32.72,,64022.755
17:47:02.756,193.24,-13.17,,64022.756
17:47:02.874,206.16,-18.21,,64022.874
17:47:02.967,20.35,-14.55,,64022.967
17:47:03.146,69.87,-5.62,-7.0,64023.146
17:47:03.147,8.59,-2.79,-89.0,64023.147
17:47:03.265,213.81,-55.91,,64023.265
17:47:03.385,213.11,-81.11,,64023.385
17:47:03.470,225.62,-74.25,,64023.47
17:47:03.620,228.27,-99.46,,64023.62
17:47:03.651,197.36,-40.88,,64023.651
17:47:03.804,42.62,-47.39,,64023.804
17:47:03.919,-33.6,15.05,,64023.919
17:47:03.982,205.21,-26.44,,64023.982
17:47:04.076,211.21,-65.81,,64024.076
17:47:04.160,213.33,-68.6,,64024.16
17:47:04.255,219.49,-67.13,,64024.255
17:47:04.376,190.11,-42.66,,64024.376
17:47:04.495,-89.35,10.59,,64024.495
17:47:04.677,43.77,-29.89,,64024.677
17:47:04.677,178.79,-9.36,,64024.677
17:47:04.880,215.02,-55.62,,64024.88
17:47:04.880,214.36,-75.22,,64024.88
17:47:04.975,191.62,-68.7,,64024.975
17:47:05.180,214.29,-7.74,,64025.18
17:47:05.300,36.51,-53.39,,64025.3
17:47:05.390,3.11,-20.94,-1.0,64025.39
17:47:05.482,220.54,-44.01,,64025.482
17:47:05.600,206.41,-95.47,,64025.6
17:47:05.692,-31.6,-11.46,,64025.692
17:47:05.780,36.33,-8.73,-4.0,64025.78
17:47:05.871,194.6,-35.06,,64025.871
17:47:05.960,-79.39,11.38,,64025.96
17:47:06.202,28.4,-5.01,-9.0,64026.202
17:47:06.202,188.75,-17.05,,64026.202
17:47:06.325,209.3,-57.07,,64026.325
17:47:06.411,207.0,-75.21,,64026.411
17:47:06.532,-25.01,-36.26,,64026.532
17:47:06.710,211.43,-7.92,,64026.71
17:47:06.921,36.87,-32.56,,64026.921
17:47:07.047,30.19,-5.43,-7.0,64027.047
17:47:07.048,221.42,-39.76,,64027.048
17:47:07.102,214.78,-72.03,,64027.102
17:47:07.221,210.27,-61.36,,64027.221
17:47:07.344,216.48,-42.12,,64027.344
17:47:07.402,205.62,-15.98,,64027.402
17:47:07.520,-24.47,5.93,-5.0,64027.52
17:47:07.670,42.5,-24.4,,64027.67
17:47:07.699,168.42,8.03,-8.0,64027.699
17:47:07.796,227.98,-49.67,,64027.796
17:47:07.916,212.58,-81.45,,64027.916
17:47:08.029,253.05,-71.31,,64028.029
17:47:08.091,32.57,-19.97,,64028.091
17:47:08.305,203.66,-36.54,,64028.305
17:47:08.306,27.24,-29.62,,64028.306
17:47:08.420,-3.36,24.86,-7.0,64028.42
17:47:08.509,184.14,-15.98,,64028.509
17:47:08.635,216.06,-61.24,,64028.635
17:47:08.720,220.31,-83.07,,64028.72
17:47:08.810,204.63,-73.36,,64028.81
17:47:09.082,205.07,-17.92,,64029.082
17:47:09.109,39.57,-53.39,,64029.109
17:47:09.265,30.25,-19.23,,64029.265
17:47:09.322,222.02,-28.38,,64029.322
17:47:09.410,229.89,-68.56,,64029.41
17:47:09.532,227.8,-61.29,,64029.532
17:47:09.655,204.98,-55.04,,64029.655
17:47:09.742,198.66,-17.02,,64029.742
17:47:09.830,1.81,-0.98,-49.0,64029.83
17:47:09.922,55.75,-18.17,,64029.922
17:47:10.039,181.9,-11.68,,64030.039
17:47:10.129,214.11,-61.18,,64030.129
17:47:10.254,216.46,-92.29,,64030.254
17:47:10.344,244.11,-72.56,,64030.344
17:47:10.520,231.08,2.61,-1.0,64030.52
17:47:10.522,189.67,-36.37,,64030.522
17:47:10.670,36.75,-25.99,,64030.67
17:47:10.790,155.56,23.24,,64030.79
17:47:10.946,198.75,-23.12,,64030.946
17:47:10.946,213.91,-62.96,,64030.946
17:47:11.033,212.51,-84.65,,64031.033
17:47:11.179,209.45,-79.19,,64031.179
17:47:11.332,218.78,-12.39,,64031.332
17:47:11.450,46.7,-51.01,,64031.45
17:47:11.600,10.19,-8.35,-8.0,64031.6
17:47:11.659,219.83,-35.29,,64031.659
17:47:11.756,217.11,-85.94,,64031.756
17:47:11.846,155.68,2.81,-1.0,64031.846
17:47:11.991,211.61,-29.05,,64031.991
17:47:12.052,206.58,-16.1,,64032.052
17:47:12.139,-0.72,-1.95,-4.0,64032.139
17:47:12.323,41.25,-36.73,,64032.323
17:47:12.412,183.03,11.22,,64032.412
17:47:12.505,220.43,-62.09,,64032.505
17:47:12.560,210.82,-78.22,,64032.56
17:47:12.649,-92.14,-74.89,,64032.649
17:47:12.776,225.44,-95.17,,64032.776
17:47:12.924,206.33,-20.14,,64032.924
17:47:12.982,48.83,-43.75,,64032.982
17:47:13.190,-2.96,-0.9,-8.0,64033.19
17:47:13.191,209.51,-36.26,,64033.191
17:47:13.285,225.03,-86.27,,64033.285
17:47:13.374,172.3,-12.36,,64033.374
17:47:13.525,197.52,-23.64,,64033.525
17:47:13.581,204.5,-17.24,,64033.581
17:47:13.671,11.67,-2.08,-5.0,64033.671
17:47:13.880,53.76,-9.22,-7.0,64033.88
17:47:13.882,192.35,-6.15,,64033.882
17:47:14.007,216.69,-69.11,,64034.007
17:47:14.090,216.47,-85.69,,64034.09
17:47:14.155,2.7,-25.92,-4.0,64034.155
17:47:14.391,233.14,1.46,-3.0,64034.391
17:47:14.604,40.3,-36.66,,64034.604
17:47:14.629,1.45,-16.55,-7.0,64034.629
17:47:14.719,207.5,-28.84,,64034.719
17:47:14.815,212.82,-92.19,,64034.815
17:47:14.905,-22.68,4.77,0.0,64034.905
17:47:14.992,34.26,-21.95,,64034.992
17:47:15.115,198.85,-32.31,,64035.115
17:47:15.203,21.61,-14.65,,64035.203
17:47:15.292,41.5,-16.19,,64035.292
17:47:15.384,-10.8,-8.48,,64035.384
17:47:15.500,210.3,-64.91,,64035.5
17:47:15.594,211.34,-82.9,,64035.594
17:47:15.740,220.19,-82.53,,64035.74
17:47:15.862,228.88,-98.56,,64035.862
17:47:15.922,207.03,-20.12,,64035.922
17:47:16.072,29.99,-22.63,,64036.072
17:47:16.190,35.84,-3.41,-1.0,64036.19
17:47:16.190,192.99,-16.4,,64036.19
17:47:16.342,210.0,-68.82,,64036.342
17:47:16.400,221.7,-62.67,,64036.4
17:47:16.494,246.54,-89.52,,64036.494
17:47:16.700,209.71,-14.97,,64036.7
17:47:16.789,45.31,-40.3,,64036.789
17:47:16.910,-12.78,14.67,,64036.91
17:47:17.031,235.12,-55.55,,64037.031
17:47:17.092,223.19,-69.17,,64037.092
17:47:17.212,231.91,-9.14,,64037.212
17:47:17.333,60.58,-11.95,,64037.333
17:47:17.422,193.37,-25.62,,64037.422
17:47:17.513,221.73,1.5,-5.0,64037.513
17:47:17.631,36.16,-35.22,,64037.631
17:47:17.692,15.3,-4.23,-9.0,64037.692
17:47:17.843,227.45,-46.17,,64037.843
17:47:17.931,222.89,-73.77,,64037.931
17:47:18.019,218.91,-22.65,,64038.019
17:47:18.110,107.71,-26.57,,64038.11
17:47:18.202,202.07,-14.28,,64038.202
17:47:18.324,-6.64,-8.19,-1.0,64038.324
17:47:18.414,40.58,-54.25,,64038.414
17:47:18.559,-63.4,18.36,,64038.559
17:47:18.622,229.47,-56.06,,64038.622
17:47:18.742,221.22,-81.95,,64038.742
17:47:18.833,-8.26,-43.96,1.0,64038.833
17:47:18.923,-89.81,-12.74,,64038.923
17:47:19.040,188.13,-31.88,,64039.04
17:47:19.129,52.79,-28.81,,64039.129
17:47:19.250,182.36,23.18,,64039.25
17:47:19.341,213.82,-29.66,,64039.341
17:47:19.460,212.13,-77.02,,64039.46
17:47:19.554,205.69,-80.79,,64039.554
17:47:19.640,228.84,-82.42,,64039.64
17:47:19.759,195.34,-79.04,,64039.759
17:47:19.851,248.3,8.7,1.0,64039.851
17:47:19.970,36.6,-56.83,5.0,64039.97
17:47:20.094,-7.25,-12.86,,64040.094
17:47:20.150,210.58,-38.25,,64040.15
17:47:20.240,216.16,-72.07,,64040.24
17:47:20.360,210.17,-42.67,,64040.36
17:47:20.450,204.11,-54.7,,64040.45
17:47:20.543,207.64,-10.66,,64040.543
17:47:20.661,-21.55,-1.13,1.0,64040.661
17:47:20.783,45.36,-36.3,8.0,64040.783
17:47:20.871,102.27,22.51,,64040.871
17:47:20.963,212.07,-47.34,,64040.963
17:47:21.085,216.97,-76.49,,64041.085
17:47:21.171,4.84,-13.16,66.0,64041.171
17:47:21.260,35.28,-12.49,6.0,64041.26
17:47:21.383,199.01,-42.59,,64041.383
17:47:21.440,-43.21,6.86,25.0,64041.44
17:47:21.563,30.07,-42.77,1.0,64041.563
17:47:21.740,178.36,-9.83,,64041.74
17:47:21.740,214.52,-44.09,,64041.74
17:47:21.895,217.57,-82.41,,64041.895
17:47:21.984,-25.35,-31.29,,64041.984
17:47:22.042,41.88,-16.83,4.0,64042.042
17:47:22.194,206.21,-31.06,,64042.194
17:47:22.280,40.52,-40.08,5.0,64042.28
17:47:22.401,44.65,18.7,-8.0,64042.401
17:47:22.520,209.08,-24.45,,64042.52
17:47:22.581,207.79,-80.05,,64042.581
17:47:22.706,196.38,-72.22,,64042.706
17:47:22.790,215.56,-74.7,,64042.79
17:47:22.879,216.19,-86.27,,64042.879
17:47:22.970,197.4,-20.85,,64042.97
17:47:23.090,42.18,-41.86,1.0,64043.09
17:47:23.242,-19.53,12.37,,64043.242
17:47:23.330,219.83,-51.54,,64043.33
17:47:23.392,206.65,-79.34,,64043.392
17:47:23.510,-26.96,3.99,67.0,64043.51
17:47:23.570,214.17,-66.29,,64043.57
17:47:23.720,195.05,-34.3,,64043.72
17:47:23.782,-26.7,5.38,16.0,64043.782
17:47:24.084,33.31,-43.85,4.0,64044.084
17:47:24.084,-21.53,5.53,-2.0,64044.084
17:47:24.110,209.88,-72.9,,64044.11
17:47:24.235,211.35,-78.12,,64044.235
17:47:24.290,4.77,-21.58,42.0,64044.29
17:47:24.529,223.04,-5.23,,64044.529
17:47:24.679,42.55,-52.88,,64044.679
17:47:24.680,14.07,13.1,-2.0,64044.68
17:47:24.831,223.88,-53.53,,64044.831
17:47:24.888,206.33,-80.27,,64044.888
17:47:24.982,207.45,-74.58,,64044.982
17:47:25.099,211.42,-71.14,,64045.099
17:47:25.189,201.07,-15.39,,64045.189
17:47:25.310,-12.59,-2.26,,64045.31
17:47:25.459,41.37,-40.39,,64045.459
17:47:25.611,190.15,0.26,-3.0,64045.611
17:47:25.611,218.57,-67.2,,64045.611
17:47:25.701,221.76,-85.93,,64045.701
17:47:25.820,-11.14,-41.25,,64045.82
17:47:25.908,230.74,-66.79,,64045.908
17:47:26.000,199.14,-26.89,,64046.0
17:47:26.240,35.35,-45.57,,64046.24
17:47:26.240,23.45,-22.42,,64046.24
17:47:26.358,218.63,-30.18,,64046.358
17:47:26.418,217.28,-61.22,,64046.418
17:47:26.508,219.18,-74.36,,64046.508
17:47:26.630,217.83,-69.08,,64046.63
17:47:26.722,184.39,-48.01,,64046.722
17:47:26.839,258.4,9.32,-2.0,64046.839
17:47:26.933,39.15,-54.78,,64046.933
17:47:27.049,18.81,-2.35,-4.0,64047.049
17:47:27.144,224.99,-52.65,,64047.144
17:47:27.231,212.04,-71.31,,64047.231
17:47:27.350,-10.15,-16.73,,64047.35
17:47:27.439,52.89,-16.88,1.0,64047.439
17:47:27.529,206.62,-27.86,,64047.529
17:47:27.654,11.51,-13.2,,64047.654
17:47:27.829,45.58,-36.04,,64047.829
17:47:27.859,193.13,1.54,-4.0,64047.859
17:47:27.954,217.48,-61.69,,64047.954
17:47:28.013,222.08,-85.72,,64048.013
17:47:28.131,213.41,9.34,21.0,64048.131
17:47:28.249,-79.22,-38.84,,64048.249
17:47:28.339,190.11,-28.0,,64048.339
17:47:28.519,38.02,-38.2,,64048.519
17:47:28.609,138.73,20.24,,64048.609
17:47:28.705,-1.98,17.06,-4.0,64048.705
17:47:28.850,224.01,-62.89,,64048.85
17:47:28.850,219.61,-79.3,,64048.85
17:47:28.975,-75.93,-64.57,,64048.975
17:47:29.179,188.38,-24.98,,64049.179
17:47:29.300,46.92,-54.64,,64049.3
17:47:29.330,213.53,18.57,,64049.33
17:47:29.513,226.41,-44.69,,64049.513
17:47:29.575,224.5,-64.86,,64049.575
17:47:29.665,202.66,-79.38,,64049.665
17:47:29.755,230.1,-74.11,,64049.755
17:47:30.055,200.39,-19.61,,64050.055
17:47:30.055,56.01,-58.32,,64050.055
17:47:30.200,-1.69,-6.04,-3.0,64050.2
17:47:30.264,219.22,-59.59,,64050.264
17:47:30.379,205.21,-88.49,,64050.379
17:47:30.469,-4.86,11.32,-3.0,64050.469
17:47:30.565,-6.66,17.43,-3.0,64050.565
17:47:30.679,190.25,-38.42,,64050.679
17:47:30.770,40.51,-41.45,,64050.77
17:47:30.891,15.7,-4.47,-3.0,64050.891
17:47:30.952,195.08,-19.49,,64050.952
17:47:31.136,216.39,-72.72,,64051.136
17:47:31.159,207.34,-82.12,,64051.159
17:47:31.279,216.73,-79.82,,64051.279
17:47:31.459,210.91,-10.54,,64051.459
17:47:31.582,43.72,-54.22,,64051.582
17:47:31.699,199.83,5.09,-7.0,64051.699
17:47:31.763,221.21,-49.02,,64051.763
17:47:31.913,209.6,-98.17,,64051.913
17:47:32.006,2.64,-27.96,-3.0,64052.006
17:47:32.121,-6.05,15.93,-3.0,64052.121
17:47:32.210,194.66,-39.15,,64052.21
17:47:32.305,31.74,-47.16,,64052.305
17:47:32.392,50.85,-9.33,-5.0,64052.392
17:47:32.482,183.46,-13.79,,64052.482
17:47:32.574,212.08,-56.16,,64052.574
17:47:32.692,218.48,-80.66,,64052.692
17:47:32.781,217.77,-69.26,,64052.781
17:47:32.904,211.86,-10.81,,64052.904
17:47:32.997,214.68,-8.22,,64052.997
17:47:33.114,44.06,-56.29,,64053.114
17:47:33.231,189.43,1.17,-7.0,64053.231
17:47:33.319,215.66,-60.06,,64053.319
17:47:33.410,204.57,-77.69,,64053.41
17:47:33.506,-42.77,-5.34,,64053.506
17:47:33.620,229.2,-38.51,,64053.62
17:47:33.682,197.64,-37.3,,64053.682
17:47:33.830,39.73,-54.9,,64053.83
17:47:33.919,1.7,-20.54,-5.0,64053.919
17:47:34.040,220.76,-46.45,,64054.04
17:47:34.103,210.28,-69.88,,64054.103
17:47:34.195,219.91,-83.37,,64054.195
17:47:34.339,64.69,-8.37,-7.0,64054.339
17:47:34.432,201.22,-19.22,,64054.432
17:47:34.674,25.89,-18.5,,64054.674
17:47:34.699,49.42,-32.91,,64054.699
17:47:34.731,193.05,-18.19,,64054.731
17:47:34.819,210.96,-60.75,,64054.819
17:47:34.909,214.06,-77.0,,64054.909
17:47:35.000,-32.34,-9.09,,64055.0
17:47:35.125,227.36,-4.81,,64055.125
17:47:35.335,217.36,-3.09,,64055.335
17:47:35.335,37.01,-55.79,,64055.335
17:47:35.455,6.62,-16.26,-5.0,64055.455
17:47:35.515,215.07,-36.31,,64055.515
17:47:35.664,216.6,-97.86,,64055.664
17:47:35.722,203.24,-71.77,,64055.722
17:47:35.842,47.01,-13.52,,64055.842
17:47:35.934,193.26,-58.51,,64055.934
17:47:36.080,35.85,-23.82,,64056.08
17:47:36.232,16.27,12.14,-4.0,64056.232
17:47:36.322,183.75,-19.39,,64056.322
17:47:36.323,220.33,-60.18,,64056.323
17:47:36.440,221.28,-86.81,,64056.44
17:47:36.565,210.26,-80.18,,64056.565
17:47:36.742,193.72,-38.43,,64056.742
17:47:36.835,34.4,-39.96,,64056.835
17:47:36.927,7.28,-7.27,-47.0,64056.927
17:47:37.045,212.48,-27.88,,64057.045
17:47:37.135,213.6,-89.04,,64057.135
17:47:37.250,205.24,-68.19,,64057.25
17:47:37.346,40.5,-8.91,-2.0,64057.346
17:47:37.459,202.58,-24.34,,64057.459
17:47:37.550,28.79,-18.95,,64057.55
17:47:37.647,57.93,-31.58,,64057.647
17:47:37.790,19.81,0.43,-49.0,64057.79
17:47:37.854,218.05,-40.86,,64057.854
17:47:37.945,217.65,-79.39,,64057.945
17:47:38.029,-56.13,-4.27,,64058.029
17:47:38.179,260.88,-78.5,,64058.179
17:47:38.274,196.72,-25.92,,64058.274
17:47:38.391,45.42,-44.76,,64058.391
17:47:38.540,4.25,4.06,-58.0,64058.54
17:47:38.603,210.55,-30.04,,64058.603
17:47:38.661,211.23,-64.3,,64058.661
17:47:38.780,205.81,-65.45,,64058.78
17:47:38.840,209.8,-80.21,,64058.84
17:47:39.080,208.82,-21.23,,64059.08
17:47:39.171,44.99,-54.52,,64059.171
17:47:39.321,2.2,-7.01,-62.0,64059.321
17:47:39.382,219.56,-53.78,,64059.382
17:47:39.563,30.16,-0.67,-3.0,64059.563
17:47:39.680,211.58,-69.9,,64059.68
17:47:39.800,202.0,-21.05,,64059.8
17:47:39.895,-0.46,-7.91,-3.0,64059.895
17:47:39.987,24.46,-10.83,,64059.987
17:47:40.129,184.78,-13.1,,64060.129
17:47:40.160,224.09,-51.31,,64060.16
17:47:40.279,214.65,-90.41,,64060.279
17:47:40.405,204.78,-75.63,,64060.405
17:47:40.461,36.16,-16.81,7.0,64060.461
17:47:40.585,197.57,-33.68,,64060.585
17:47:40.705,28.51,-30.49,,64060.705
17:47:40.820,-4.8,-17.49,,64060.82
17:47:40.915,188.48,-23.2,,64060.915
17:47:40.975,204.39,-65.36,,64060.975
17:47:41.090,200.77,-64.36,,64061.09
17:47:41.211,216.63,-54.2,,64061.211
17:47:41.299,194.26,-26.48,,64061.299
17:47:41.419,213.56,-15.8,,64061.419
17:47:41.486,41.33,-53.88,,64061.486
17:47:41.630,3.54,-14.87,-4.0,64061.63
17:47:41.722,203.02,-36.05,,64061.722
17:47:41.782,220.78,-83.87,,64061.782
17:47:41.902,162.41,14.88,6.0,64061.902
17:47:41.990,34.48,-21.28,1.0,64061.99
17:47:42.110,206.86,-28.23,,64062.11
17:47:42.200,17.83,-18.55,,64062.2
17:47:42.289,55.69,1.34,-30.0,64062.289
17:47:42.412,188.63,-14.9,,64062.412
17:47:42.500,213.28,-44.84,,64062.5
17:47:42.623,212.16,-86.53,,64062.623
17:47:42.712,208.56,-73.67,,64062.712
17:47:42.835,202.07,-83.87,,64062.835
17:47:42.956,261.5,1.93,-3.0,64062.956
17:47:43.045,44.09,-48.94,,64063.045
17:47:43.161,-0.62,-18.82,,64063.161
17:47:43.255,214.92,-45.82,,64063.255
17:47:43.310,207.8,-67.22,,64063.31
17:47:43.436,7.43,-15.83,31.0,64063.436
17:47:43.524,216.32,9.08,22.0,64063.524
17:47:43.615,201.87,-16.46,,64063.615
17:47:43.735,12.57,-14.4,,64063.735
17:47:43.825,37.08,-40.51,,64063.825
17:47:43.945,188.03,-20.04,,64063.945
17:47:44.002,216.42,-49.9,,64064.002
17:47:44.149,211.8,-75.54,,64064.149
17:47:44.240,208.55,-79.13,,64064.24
17:47:44.335,224.12,-88.59,,64064.335
17:47:44.420,198.72,-47.62,,64064.42
17:47:44.603,39.37,-52.97,,64064.603
17:47:44.630,20.19,-1.8,-4.0,64064.63
17:47:44.727,200.61,-25.77,,64064.727
17:47:44.870,214.47,-77.62,,64064.87
17:47:44.930,211.14,-88.46,,64064.93
17:47:45.020,210.86,-80.7,,64065.02
17:47:45.172,196.67,-21.9,,64065.172
17:47:45.295,215.52,-13.53,,64065.295
17:47:45.351,44.37,-38.71,,64065.351
17:47:45.440,8.93,-29.3,-4.0,64065.44
17:47:45.561,219.15,-35.86,,64065.561
17:47:45.624,215.32,-69.7,,64065.624
17:47:45.745,-49.68,13.34,2.0,64065.745
17:47:45.830,216.87,-54.53,,64065.83
17:47:45.952,203.84,-18.92,,64065.952
17:47:46.040,0.69,-0.35,-15.0,64066.04
17:47:46.131,50.53,-27.07,,64066.131
17:47:46.256,166.29,2.85,-4.0,64066.256
17:47:46.342,215.12,-52.77,,64066.342
17:47:46.459,212.79,-78.82,,64066.459
17:47:46.552,229.0,-71.16,,64066.552
17:47:46.639,245.64,-2.76,0.0,64066.639
17:47:46.760,196.73,-29.81,,64066.76
17:47:46.852,43.67,-34.13,,64066.852
17:47:46.975,-3.44,5.21,-33.0,64066.975
17:47:47.060,209.98,-28.15,,64067.06
17:47:47.156,215.28,-70.46,,64067.156
17:47:47.275,199.53,-59.32,,64067.275
17:47:47.366,203.45,-56.52,,64067.366
17:47:47.485,204.88,-9.21,,64067.485
17:47:47.544,206.21,-16.4,,64067.544
17:47:47.697,45.21,-46.04,,64067.697
17:47:47.876,-10.03,15.08,,64067.876
17:47:47.900,226.34,-61.77,,64067.9
17:47:47.990,225.82,-97.26,,64067.99
17:47:48.083,-21.03,-13.84,,64068.083
17:47:48.172,243.53,-50.75,,64068.172
17:47:48.289,194.74,-31.15,,64068.289
17:47:48.352,216.16,7.72,-3.0,64068.352
17:47:48.500,50.15,-47.36,,64068.5
17:47:48.655,174.73,1.3,-5.0,64068.655
17:47:48.679,232.43,-58.15,,64068.679
17:47:48.772,236.77,-86.38,,64068.772
17:47:48.863,200.79,9.39,-2.0,64068.863
17:47:48.986,111.36,-23.4,,64068.986
17:47:49.100,185.9,-39.98,,64069.1
17:47:49.160,-45.16,16.27,,64069.16
17:47:49.310,29.81,4.69,-51.0,64069.31
17:47:49.371,-25.13,-8.99,,64069.371
17:47:49.490,224.6,-62.97,,64069.49
17:47:49.580,220.49,-78.45,,64069.58
17:47:49.700,-66.14,-57.17,,64069.7
17:47:49.819,-68.34,3.58,-5.0,64069.819
17:47:49.914,185.71,-33.41,,64069.914
17:47:49.999,-2.74,-0.1,-6.0,64069.999
17:47:50.090,44.87,-47.49,,64070.09
17:47:50.180,-22.15,-5.97,,64070.18
17:47:50.305,223.94,-52.54,,64070.305
17:47:50.392,230.18,-87.18,,64070.392
17:47:50.482,-83.7,-1.02,,64070.482
17:47:50.635,-61.84,-64.35,,64070.635
17:47:50.693,188.7,-27.64,,64070.693
17:47:50.814,42.31,-28.12,,64070.814
17:47:50.936,22.61,2.1,-70.0,64070.936
17:47:51.023,215.76,-26.41,,64071.023
17:47:51.146,216.03,-79.33,,64071.146
17:47:51.202,217.38,-75.13,,64071.202
17:47:51.292,-20.09,-52.92,,64071.292
17:47:51.417,204.51,-98.09,,64071.417
17:47:51.502,188.1,-34.26,,64071.502
17:47:51.595,47.09,-31.38,,64071.595
17:47:51.743,-5.26,-4.62,-7.0,64071.743
17:47:51.835,221.52,-52.07,,64071.835
17:47:51.920,210.75,-71.35,,64071.92
17:47:52.041,207.84,-26.79,,64072.041
17:47:52.135,132.07,5.95,-2.0,64072.135
17:47:52.225,207.31,-7.72,,64072.225
17:47:52.317,200.66,-21.52,,64072.317
17:47:52.405,54.46,-47.91,,64072.405
17:47:52.550,-9.45,-0.54,-7.0,64072.55
17:47:52.675,219.41,-60.62,,64072.675
17:47:52.760,213.07,-72.69,,64072.76
17:47:52.850,8.6,-9.89,-18.0,64072.85
17:47:52.941,263.51,12.53,,64072.941
17:47:53.030,209.78,-14.81,,64073.03
17:47:53.152,19.46,-15.09,,64073.152
17:47:53.210,38.78,-49.38,,64073.21
17:47:53.337,-29.93,15.78,,64073.337
17:47:53.419,219.77,-63.53,,64073.419
17:47:53.542,214.34,-78.46,,64073.542
17:47:53.663,207.91,-72.18,,64073.663
17:47:53.750,250.37,-80.65,,64073.75
17:47:53.870,203.44,-20.88,,64073.87
17:47:53.963,46.05,-42.87,,64073.963
17:47:54.083,9.23,-3.5,-75.0,64074.083
17:47:54.140,182.25,-16.58,,64074.14
17:47:54.234,211.16,-59.8,,64074.234
17:47:54.349,200.38,-62.65,,64074.349
17:47:54.442,-25.71,-27.66,,64074.442
17:47:54.534,243.24,2.53,-3.0,64074.534
17:47:54.650,209.66,-6.87,,64074.65
17:47:54.774,43.48,-44.69,,64074.774
17:47:54.862,10.83,-4.26,-7.0,64074.862
17:47:54.980,222.43,-45.47,,64074.98
17:47:55.074,218.97,-74.77,,64075.074
17:47:55.161,218.84,-54.11,,64075.161
17:47:55.279,62.77,-10.63,,64075.279
17:47:55.370,205.36,-14.97,,64075.37
17:47:55.461,-45.29,3.46,-4.0,64075.461
17:47:55.580,38.34,-40.05,,64075.58
17:47:55.671,175.61,10.21,,64075.671
17:47:55.797,218.8,-60.49,,64075.797
17:47:55.882,212.16,-76.37,,64075.882
17:47:55.942,215.73,-45.1,,64075.942
17:47:56.090,235.61,-8.23,,64076.09
17:47:56.178,193.11,-40.29,,64076.178
17:47:56.331,35.2,-29.98,,64076.331
17:47:56.360,38.34,-38.23,,64076.36
17:47:56.486,203.83,-26.01,,64076.486
17:47:56.570,214.44,-55.09,,64076.57
17:47:56.692,203.5,-77.76,,64076.692
17:47:56.779,218.37,-79.28,,64076.779
17:47:56.959,193.51,-41.34,,64076.959
17:47:57.112,44.24,-58.59,,64077.112
17:47:57.231,-10.51,-14.83,,64077.231
17:47:57.324,221.8,-47.56,,64077.324
17:47:57.380,205.79,-73.25,,64077.38
17:47:57.470,211.23,-79.5,,64077.47
17:47:57.619,44.57,-14.24,,64077.619
17:47:57.681,201.87,-70.46,,64077.681
17:47:57.803,-0.32,-3.36,-6.0,64077.803
17:47:57.925,44.15,-48.95,,64077.925
17:47:58.010,186.09,-18.25,,64078.01
17:47:58.167,212.95,-65.02,,64078.167
17:47:58.190,225.75,-80.15,,64078.19
17:47:58.310,-81.66,-46.93,,64078.31
17:47:58.404,245.01,-34.77,,64078.404
17:47:58.519,191.92,-26.21,,64078.519
17:47:58.670,19.03,-13.6,,64078.67
17:47:58.732,-7.95,-10.18,,64078.732
17:47:58.820,191.32,-21.04,,64078.82
17:47:58.910,210.27,-66.51,,64078.91
17:47:59.002,208.97,-80.42,,64079.002
17:47:59.120,221.19,-62.5,,64079.12
17:47:59.182,238.28,-99.29,,64079.182
17:47:59.330,243.06,2.2,-6.0,64079.33
17:47:59.390,42.83,-48.39,,64079.39
17:47:59.510,-7.05,17.11,-9.0,64079.51
17:47:59.606,220.88,-44.37,,64079.606
17:47:59.725,213.61,-98.58,,64079.725
17:47:59.810,202.63,-73.41,,64079.81
17:47:59.903,212.47,-42.07,,64079.903
