time,Roll,Pitch,Yaw,TimeSec,dRoll,dPitch,dYaw,dTime,Speed,Running
17:46:00.179,9.19,13.54,-3.0,63960.179,,,,,,False
17:46:00.303,39.82,1.67,-20.0,63960.303,30.630000000000003,-11.87,-17.0,0.12400000000343425,298.2883227889438,False
17:46:00.479,5.65,5.14,-5.0,63960.479,-34.17,3.4699999999999998,15.0,0.17599999999947613,212.94540402000968,False
17:46:00.605,-128.79,7.48,5.0,63960.605,-134.44,2.3400000000000007,10.0,0.1260000000038417,1070.0929122969003,False
17:46:00.695,-133.41,1.82,5.0,63960.695,-4.6200000000000045,-5.66,0.0,0.08999999999650754,81.17957537029613,False
17:46:00.899,-55.48,11.55,2.0,63960.899,77.93,9.73,-3.0,0.20399999999790452,385.2566276766108,False
17:46:00.993,-31.35,6.95,25.0,63960.993,24.129999999999995,-4.6000000000000005,23.0,0.0940000000045984,357.993645145869,False
17:46:01.470,-9.01,-1.44,-1.0,63961.47,22.340000000000003,-8.39,-26.0,0.47699999999895226,73.9857116388304,False
17:46:01.769,1.59,10.14,-1.0,63961.769,10.6,11.58,0.0,0.2989999999990687,52.50478227386629,False
17:46:01.979,-132.43,3.46,4.0,63961.979,-134.02,-6.680000000000001,5.0,0.20999999999912689,639.4261670690773,False
17:46:02.249,-46.82,12.88,2.0,63962.249,85.61000000000001,9.420000000000002,-2.0,0.27000000000407454,319.0737731297564,False
17:46:02.339,92.74,15.17,42.0,63962.339,139.56,2.289999999999999,40.0,0.08999999999650754,1613.3026359811506,False
17:46:03.455,-143.77,0.35,5.0,63963.455,-236.51,-14.82,-37.0,1.1160000000018044,214.91485302300856,False
17:46:03.543,-67.98,14.41,2.0,63963.543,75.79,14.06,-3.0,0.08799999999610009,876.6077098856251,False
17:46:03.661,-37.87,3.75,23.0,63963.661,30.110000000000007,-10.66,21.0,0.11800000000221189,323.95143866412326,False
17:46:04.109,-29.61,3.98,-2.0,63964.109,8.259999999999998,0.22999999999999998,-25.0,0.44799999999668216,58.77281312571827,False
17:46:04.411,-11.57,9.75,-1.0,63964.411,18.04,5.77,1.0,0.30200000000331784,62.80353685766868,False
17:46:04.831,-38.82,16.21,9.0,63964.831,-27.25,6.460000000000001,10.0,0.41999999999825377,70.8025783575888,False
17:46:04.919,-14.5,5.73,24.0,63964.919,24.32,-10.48,15.0,0.08800000000337604,345.85294011930756,False
17:46:05.495,18.77,7.38,-14.0,63965.495,33.269999999999996,1.6499999999999995,-38.0,0.5760000000009313,87.73144063614787,False
17:46:05.999,-145.55,8.44,8.0,63965.999,-164.32000000000002,1.0599999999999996,22.0,0.5040000000008149,328.9475863263244,False
17:46:06.119,-135.06,9.75,1.0,63966.119,10.490000000000009,1.3100000000000005,-7.0,0.11999999999534339,105.65805696143777,False
17:46:06.275,-38.44,15.21,4.0,63966.275,96.62,5.460000000000001,3.0,0.15600000000267755,620.6451172699136,False
17:46:06.810,-0.26,3.53,-16.0,63966.81,38.18,-11.680000000000001,-20.0,0.5349999999962165,83.46866630639285,False
17:46:06.993,-58.24,16.55,2.0,63966.993,-57.980000000000004,13.020000000000001,18.0,0.1830000000045402,339.2910564225633,False
17:46:07.259,-149.14,7.64,1.0,63967.259,-90.89999999999998,-8.91,-1.0,0.26599999999598367,343.387625903696,False
17:46:07.471,-139.13,6.05,2.0,63967.471,10.009999999999991,-1.5899999999999999,1.0,0.21199999999953434,48.04105763029434,False
17:46:07.561,-126.43,4.26,4.0,63967.561,12.699999999999989,-1.79,2.0,0.0900000000037835,144.2280858189269,False
17:46:07.683,-33.23,12.22,5.0,63967.683,93.20000000000002,7.960000000000001,1.0,0.12199999999575084,766.7594287262144,False
17:46:08.077,30.51,9.96,-0.0,63968.077,63.739999999999995,-2.26,-5.0,0.39400000000023283,162.37497246602152,False
17:46:08.371,-72.73,8.49,-2.0,63968.371,-103.24000000000001,-1.4700000000000006,-2.0,0.294000000001688,351.25793688972306,False
17:46:08.459,-71.88,14.91,1.0,63968.459,0.8500000000000085,6.42,3.0,0.08800000000337604,81.10396921118809,False
17:46:08.940,-44.36,13.68,4.0,63968.94,27.519999999999996,-1.2300000000000004,3.0,0.48099999999976717,57.60986786522726,False
17:46:09.362,-15.91,1.99,-9.0,63969.362,28.45,-11.69,-13.0,0.4219999999986612,79.1291307309985,False
17:46:09.449,-2.14,2.65,-20.0,63969.449,13.77,0.6599999999999999,-11.0,0.08699999999953434,202.7191623721911,False
17:46:09.960,55.2,21.17,7.0,63969.96,57.34,18.520000000000003,27.0,0.510999999998603,129.21581484054465,False
17:46:10.019,-12.64,9.89,7.0,63970.019,-67.84,-11.280000000000001,0.0,0.059000000001105946,1165.6167694688836,False
17:46:10.140,-49.17,6.22,21.0,63970.14,-36.53,-3.670000000000001,14.0,0.12099999999918509,324.7323770867634,False
17:46:10.623,10.53,13.73,-2.0,63970.623,59.7,7.510000000000001,-23.0,0.4830000000001746,133.3675691935807,False
17:46:11.188,-127.28,5.34,6.0,63971.188,-137.81,-8.39,8.0,0.5650000000023283,244.77299054391526,False
17:46:11.310,-129.75,6.52,8.0,63971.31,-2.469999999999999,1.1799999999999997,2.0,0.12199999999575084,27.788335956134635,False
17:46:13.019,-45.65,4.18,-2.0,63973.019,84.1,-2.34,-10.0,1.7090000000025611,49.575637094308625,False
17:46:13.079,-38.16,6.71,-2.0,63973.079,7.490000000000002,2.5300000000000002,0.0,0.059999999997671694,131.76262326713262,False
17:46:13.175,21.65,16.94,-2.0,63973.175,59.809999999999995,10.23,0.0,0.09600000000500586,632.0684497203974,False
17:46:13.888,-71.29,2.09,-2.0,63973.888,-92.94,-14.850000000000001,0.0,0.7129999999961001,132.00405810368014,False
17:46:13.954,-63.42,5.24,-2.0,63973.954,7.8700000000000045,3.1500000000000004,0.0,0.06599999999889405,128.43927865628424,False
17:46:14.074,-83.59,4.47,-2.0,63974.074,-20.17,-0.7700000000000005,0.0,0.12000000000261934,168.20576849299908,False
17:46:14.159,-85.35,6.25,-1.0,63974.159,-1.759999999999991,1.7800000000000002,1.0,0.08499999999912689,31.71237519494693,False
17:46:14.254,-81.63,5.6,-2.0,63974.254,3.719999999999999,-0.6500000000000004,-1.0,0.09500000000116415,41.12126516429205,False
17:46:14.369,-79.31,5.43,-1.0,63974.369,2.319999999999993,-0.16999999999999993,1.0,0.11499999999796273,22.017865233286415,False
17:46:14.466,-82.21,4.19,-2.0,63974.466,-2.8999999999999915,-1.2399999999999993,-1.0,0.0970000000015716,34.1104717824466,False
17:46:14.584,-83.34,4.97,-1.0,63974.584,-1.1300000000000097,0.7799999999999994,1.0,0.11800000000221189,14.395060038476279,False
17:46:14.675,-82.07,4.84,-2.0,63974.675,1.2700000000000102,-0.1299999999999999,-1.0,0.09100000000034925,17.820503408819054,False
17:46:14.759,-82.57,5.5,-2.0,63974.759,-0.5,0.6600000000000001,0.0,0.08399999999528518,9.857257878879206,False
17:46:14.851,-86.78,2.39,-1.0,63974.851,-4.210000000000008,-3.11,1.0,0.09200000000419095,57.92183148883829,False
17:46:14.941,-78.84,4.08,-2.0,63974.941,7.939999999999998,1.69,-1.0,0.08999999999650754,90.88026310956201,False
17:46:15.029,-81.02,4.86,-2.0,63975.029,-2.1799999999999926,0.7800000000000002,0.0,0.08800000000337604,26.310683496682163,False
17:46:15.149,-86.66,4.24,-1.0,63975.149,-5.640000000000001,-0.6200000000000001,1.0,0.11999999999534339,48.01186196210049,False
17:46:15.243,-80.39,5.43,-2.0,63975.243,6.269999999999996,1.1899999999999995,-1.0,0.0940000000045984,68.72126338467407,False
17:46:15.364,-81.68,4.43,-2.0,63975.364,-1.2900000000000063,-1.0,0.0,0.12099999999918509,13.489314832350106,False
17:46:15.450,-90.86,4.9,-1.0,63975.45,-9.179999999999993,0.47000000000000064,1.0,0.08599999999569263,107.51463608501756,False
17:46:15.575,-80.66,5.95,-1.0,63975.575,10.200000000000003,1.0499999999999998,0.0,0.125,82.03121357142051,False
17:46:15.659,-76.97,5.59,-2.0,63975.659,3.6899999999999977,-0.3600000000000003,-1.0,0.08400000000256114,45.714440722549696,False
17:46:15.750,-79.9,5.87,-2.0,63975.75,-2.930000000000007,0.28000000000000025,0.0,0.09100000000034925,32.344488278253415,False
17:46:15.845,-80.66,5.47,-2.0,63975.845,-0.7599999999999909,-0.40000000000000036,0.0,0.09500000000116415,9.040383390871824,False
17:46:15.929,-78.31,4.51,-2.0,63975.929,2.3499999999999943,-0.96,0.0,0.08399999999528518,30.220514200796924,False
17:46:16.019,-82.64,5.08,-2.0,63976.019,-4.329999999999998,0.5700000000000003,0.0,0.0900000000037835,48.526179771941685,False
17:46:16.139,-69.77,3.8,-2.0,63976.139,12.870000000000005,-1.2800000000000002,0.0,0.12000000000261934,107.7791272801495,False
17:46:16.739,-66.1,4.41,-8.0,63976.739,3.6700000000000017,0.6100000000000003,-6.0,0.5999999999985448,11.766359769397408,False
17:46:17.224,-75.48,16.39,1.0,63977.224,-9.38000000000001,11.98,9.0,0.4850000000005821,36.44908307963533,False
17:46:17.309,-135.71,9.17,1.0,63977.309,-60.230000000000004,-7.220000000000001,0.0,0.08499999999912689,713.6611875868708,False
17:46:17.405,-143.58,1.82,1.0,63977.405,-7.8700000000000045,-7.35,0.0,0.0959999999977299,112.17129835303766,False
17:46:17.519,-144.75,6.71,7.0,63977.519,-1.1699999999999875,4.89,6.0,0.11400000000139698,68.66858059624698,False
17:46:17.699,-140.67,5.99,3.0,63977.699,4.0800000000000125,-0.7199999999999998,-4.0,0.18000000000029104,31.99382656495309,False
17:46:17.819,-132.8,3.66,2.0,63977.819,7.869999999999976,-2.33,-1.0,0.12000000000261934,68.90301154371058,False
17:46:18.695,-95.72,9.43,-1.0,63978.695,37.08000000000001,5.77,-3.0,0.8759999999965657,42.974855278978325,False
17:46:18.905,-97.7,9.42,-9.0,63978.905,-1.980000000000004,-0.009999999999999787,-8.0,0.20999999999912689,39.24471164759727,False
17:46:18.989,-96.73,9.44,-1.0,63978.989,0.9699999999999989,0.019999999999999574,8.0,0.08400000000256114,95.93591078960266,False
17:46:19.169,-99.31,9.16,-7.0,63979.169,-2.5799999999999983,-0.27999999999999936,-6.0,0.18000000000029104,36.317699660602266,False
17:46:19.260,-98.93,9.69,-1.0,63979.26,0.37999999999999545,0.5299999999999994,6.0,0.09100000000034925,66.32239125772156,False
17:46:19.378,-92.21,9.85,-5.0,63979.378,6.720000000000013,0.16000000000000014,-4.0,0.11799999999493593,66.28830677751782,False
17:46:19.889,-127.67,3.71,3.0,63979.889,-35.46000000000001,-6.14,8.0,0.511000000005879,72.14505943705494,False
17:46:20.159,-144.37,2.52,5.0,63980.159,-16.700000000000003,-1.19,2.0,0.2699999999967986,62.44955165691823,False
17:46:20.669,-136.52,1.1,9.0,63980.669,7.849999999999994,-1.42,4.0,0.5100000000020373,17.498162698011715,False
17:46:20.791,-98.6,14.95,9.0,63980.791,37.920000000000016,13.85,0.0,0.12199999999575084,330.9028575930265,False
17:46:20.879,-109.69,2.97,3.0,63980.879,-11.090000000000003,-11.979999999999999,-6.0,0.08800000000337604,197.64513052683503,False
17:46:21.335,-133.49,0.39,2.0,63981.335,-23.80000000000001,-2.58,-1.0,0.455999999998312,52.5445369433735,False
17:46:21.449,-167.15,3.51,1.0,63981.449,-33.66,3.1199999999999997,-1.0,0.11400000000139698,296.6585741750549,False
17:46:21.899,-163.3,2.94,2.0,63981.899,3.8499999999999943,-0.5699999999999998,1.0,0.4499999999970896,8.929739465102633,False
17:46:21.930,-153.33,7.3,1.0,63981.93,9.969999999999999,4.359999999999999,-1.0,0.031000000002677552,352.50035974531255,False
17:46:22.023,-109.52,0.82,2.0,63982.023,43.81000000000002,-6.4799999999999995,1.0,0.0930000000007567,476.3218155390162,False
17:46:22.139,26.62,11.24,28.0,63982.139,136.14,10.42,26.0,0.11600000000180444,1198.2037933983488,False
17:46:22.233,-167.28,0.74,4.0,63982.233,-193.9,-10.5,-24.0,0.09399999999732245,2081.506336426926,False
17:46:22.709,51.79,-13.49,1.0,63982.709,219.07,-14.23,-3.0,0.4760000000023865,461.24406633308155,False
17:46:23.008,19.74,-43.43,1.0,63983.008,-32.05,-29.939999999999998,0.0,0.2989999999990687,146.68539831341707,False
17:46:23.130,-18.46,3.19,47.0,63983.13,-38.2,46.62,46.0,0.12199999999575084,621.4749774269982,False
17:46:23.818,70.35,3.4,21.0,63983.818,88.81,0.20999999999999996,-26.0,0.6880000000019209,134.5027401371992,False
17:46:23.909,32.53,-23.62,2.0,63983.909,-37.81999999999999,-27.02,-19.0,0.09100000000034925,551.8007757527344,False
17:46:24.598,40.51,-21.41,7.0,63984.598,7.979999999999997,2.210000000000001,5.0,0.6889999999984866,14.039004997875116,False
17:46:24.693,45.03,-25.24,1.0,63984.693,4.520000000000003,-3.8299999999999983,-6.0,0.09500000000116415,88.75831668621458,False
17:46:25.198,19.78,-4.28,-8.0,63985.198,-25.25,20.959999999999997,-9.0,0.5049999999973807,67.38157638146684,False
17:46:25.380,-6.41,18.7,5.0,63985.38,-26.19,22.98,13.0,0.1820000000006985,204.33330168190463,False
17:46:25.498,31.8,-15.32,2.0,63985.498,38.21,-34.019999999999996,-3.0,0.11800000000221189,434.30566318064496,False
17:46:26.159,102.34,14.79,2.0,63986.159,70.54,30.11,0.0,0.6610000000000582,116.03249879836326,False
17:46:26.284,30.2,-21.46,7.0,63986.284,-72.14,-36.25,5.0,0.125,647.1224724887863,False
17:46:27.059,24.47,-23.83,3.0,63987.059,-5.73,-2.3699999999999974,-4.0,0.7750000000014552,9.521304224252734,False
17:46:27.150,-150.39,3.66,2.0,63987.15,-174.85999999999999,27.49,-1.0,0.09100000000034925,1945.1704100501593,False
17:46:27.756,60.74,5.56,-13.0,63987.756,211.13,1.8999999999999995,-15.0,0.6059999999997672,349.2915906350384,False
17:46:29.310,-93.11,12.0,3.0,63989.31,-153.85,6.44,16.0,1.5539999999964493,99.62274548457039,False
17:46:29.433,27.32,-32.45,1.0,63989.433,120.43,-44.45,-2.0,0.12299999999959255,1043.7956597653174,False
17:46:29.521,-174.88,6.18,1.0,63989.521,-202.2,38.63,0.0,0.08800000000337604,2339.2844344768996,False
17:46:29.822,5.61,-20.6,-2.0,63989.822,180.49,-26.78,-3.0,0.30099999999947613,606.280966742909,False
17:46:30.332,-3.29,7.25,18.0,63990.332,-8.9,27.85,20.0,0.5100000000020373,69.4580686363558,False
17:46:30.992,46.17,-19.22,0.0,63990.992,49.46,-26.47,-18.0,0.6599999999962165,89.26483358145356,False
17:46:31.079,8.97,-13.59,26.0,63991.079,-37.2,5.629999999999999,26.0,0.08699999999953434,525.6703877802447,False
17:46:31.382,1.97,-75.33,-4.0,63991.382,-7.000000000000001,-61.739999999999995,-30.0,0.3029999999998836,227.71864921899217,False
17:46:31.948,28.76,-35.73,3.0,63991.948,26.790000000000003,39.6,7.0,0.565999999998894,85.37178709631124,False
17:46:31.949,11.66,14.07,64.0,63991.949,-17.1,49.8,61.0,0.0010000000038417056,80581.94555921415,False
17:46:32.158,6.53,-101.53,2.0,63992.158,-5.13,-115.6,-62.0,0.20900000000256114,628.1200941478266,False
17:46:32.579,26.34,-39.02,5.0,63992.579,19.81,62.51,3.0,0.4209999999948195,155.92039849399998,False
17:46:32.673,23.99,5.13,78.0,63992.673,-2.3500000000000014,44.150000000000006,73.0,0.0940000000045984,907.924034504979,False
17:46:33.363,30.4,-36.15,4.0,63993.363,6.41,-41.28,-74.0,0.6899999999950523,123.15537920541128,False
17:46:33.509,42.2,5.27,75.0,63993.509,11.800000000000004,41.42,71.0,0.14600000000064028,568.7759817956515,False
17:46:34.259,31.81,-46.88,4.0,63994.259,-10.390000000000004,-52.150000000000006,-71.0,0.75,118.27331510812854,False
17:46:34.260,15.09,-2.5,66.0,63994.26,-16.72,44.38,62.0,0.0010000000038417056,78058.58539061464,False
17:46:34.949,37.86,-44.15,3.0,63994.949,22.77,-41.65,-63.0,0.6889999999984866,114.48605770361007,False
17:46:35.429,-81.4,0.82,-3.0,63995.429,-119.26,44.97,-6.0,0.47999999999592546,265.8291576562426,False
17:46:35.613,6.5,10.99,2.4,63995.613,87.9,10.17,5.4,0.18400000000110595,481.79888542251115,False
17:46:35.700,41.49,-10.37,2.0,63995.7,34.99,-21.36,-0.3999999999999999,0.08699999999953434,471.2236736029694,False
17:46:37.109,19.37,-1.82,10.0,63997.109,-22.12,8.549999999999999,8.0,1.4089999999996508,17.762897378843288,False
17:46:37.202,33.15,-25.34,1.0,63997.202,13.779999999999998,-23.52,-9.0,0.0930000000007567,308.67497548178335,False
17:46:37.889,34.11,-21.02,3.0,63997.889,0.9600000000000009,4.32,2.0,0.6870000000053551,7.068902572649965,False
17:46:38.043,37.88,-19.96,8.0,63998.043,3.770000000000003,1.0599999999999987,5.0,0.15399999999499414,41.240923810016554,False
17:46:38.760,32.41,-45.64,8.0,63998.76,-5.470000000000006,-25.68,0.0,0.717000000004191,36.61939995119115,False
17:46:38.789,-128.0,7.13,1.0,63998.789,-160.41,52.77,-7.0,0.02899999999499414,5827.998456124677,False
17:46:39.210,-1.51,-17.53,7.0,63999.21,126.49,-24.66,6.0,0.4210000000020955,306.4394076399921,False
17:46:39.484,-27.08,8.82,51.0,63999.484,-25.569999999999997,26.35,44.0,0.2739999999976135,209.1513911953046,False
17:46:39.509,33.16,-24.72,7.0,63999.509,60.239999999999995,-33.54,-44.0,0.02500000000145519,3271.645261753469,False
17:46:40.086,-126.08,3.13,3.0,64000.086,-159.24,27.849999999999998,-4.0,0.577000000004773,280.2539421216565,False
17:46:40.174,33.49,-41.75,6.0,64000.174,159.57,-44.88,3.0,0.08799999999610009,1883.9592872120252,False
17:46:40.897,-118.68,2.68,5.0,64000.897,-152.17000000000002,44.43,-1.0,0.7229999999981374,219.26246267961747,False
17:46:40.919,30.15,-28.22,7.0,64000.919,148.83,-30.9,2.0,0.02200000000448199,6909.865221351271,False
17:46:41.075,28.49,11.01,95.0,64001.075,-1.6600000000000001,39.23,88.0,0.1559999999954016,617.7089019091759,False
17:46:41.611,23.36,-8.42,47.0,64001.611,-5.129999999999999,-19.43,-48.0,0.5360000000000582,97.08381953889086,False
17:46:41.699,36.15,-21.3,7.0,64001.699,12.79,-12.88,-40.0,0.08800000000337604,499.15715374396376,False
17:46:42.424,26.85,-29.27,5.0,64002.424,-9.299999999999997,-7.969999999999999,-2.0,0.7249999999985448,17.117396981738402,False
17:46:42.510,19.76,10.05,73.0,64002.51,-7.09,39.32,68.0,0.08600000000296859,917.0822311891782,False
17:46:43.204,30.73,-8.82,64.0,64003.204,10.969999999999999,-18.87,-9.0,0.6939999999958673,34.01973654238871,False
17:46:43.206,39.67,-17.01,9.0,64003.206,8.940000000000001,-8.190000000000001,-55.0,0.0020000000004074536,28160.25434325637,False
17:46:43.891,37.58,-17.98,8.0,64003.891,-2.0900000000000034,-0.9699999999999989,-1.0,0.6850000000049477,3.6668208505897772,False
17:46:43.980,24.99,-1.75,11.0,64003.98,-12.59,16.23,3.0,0.08899999999994179,233.243109626911,False
17:46:44.585,5.85,3.62,75.0,64004.585,-19.14,5.37,64.0,0.6049999999959255,110.77064556931539,False
17:46:44.700,24.47,-16.07,9.0,64004.7,18.619999999999997,-19.69,-66.0,0.11499999999796273,620.4090668434634,False
17:46:45.059,-85.94,8.19,1.0,64005.059,-110.41,24.259999999999998,-8.0,0.35900000000401633,315.672948943142,False
17:46:45.179,12.46,-17.27,1.0,64005.179,98.4,-25.46,0.0,0.11999999999534339,847.0033615636501,False
17:46:45.359,40.25,-10.62,5.0,64005.359,27.79,6.65,4.0,0.18000000000029104,160.29550258215312,False
17:46:45.516,24.27,-24.11,6.0,64005.516,-15.98,-13.49,1.0,0.15700000000651926,133.35403066791415,False
17:46:46.145,29.22,-42.25,6.0,64006.145,4.949999999999999,-18.14,0.0,0.628999999993539,29.893874499537578,False
17:46:46.265,-52.96,9.24,84.0,64006.265,-82.18,51.49,78.0,0.12000000000261934,1037.115809030955,False
17:46:46.949,29.02,-41.23,5.0,64006.949,81.98,-50.47,-79.0,0.684000000001106,182.06856714545262,False
17:46:47.046,-85.8,6.9,78.0,64007.046,-114.82,48.129999999999995,73.0,0.0970000000015716,1487.866014037565,False
17:46:47.641,26.98,-20.16,2.0,64007.641,112.78,-27.060000000000002,-76.0,0.5950000000011642,233.0479341132396,False
17:46:47.760,23.96,-19.43,3.0,64007.76,-3.0199999999999996,0.7300000000000004,1.0,0.11899999999877764,27.428061661387463,False
17:46:48.426,30.34,-32.86,2.0,64008.426,6.379999999999999,-13.43,-1.0,0.6659999999974389,22.375360060181166,False
17:46:48.515,-115.25,4.36,6.0,64008.515,-145.59,37.22,4.0,0.08899999999994179,1689.0513297857092,False
17:46:49.207,30.49,-45.31,5.0,64009.207,145.74,-49.67,-1.0,0.6920000000027358,222.50701837149833,False
17:46:49.927,17.58,2.77,46.0,64009.927,-12.91,48.080000000000005,41.0,0.7200000000011642,89.5736913414291,False
17:46:50.039,28.79,-16.61,5.0,64010.039,11.21,-19.38,-41.0,0.11199999999371357,417.0941313049358,False
17:46:50.675,29.04,-8.53,32.0,64010.675,0.25,8.08,27.0,0.636000000005879,44.31477346827897,False
17:46:50.789,44.37,-16.69,4.0,64010.789,15.329999999999998,-8.160000000000002,-28.0,0.11399999999412103,289.02071152810225,False
17:46:51.149,-59.08,6.93,-1.0,64011.149,-103.44999999999999,23.62,-5.0,0.3600000000005821,295.0832548867069,False
17:46:51.483,42.82,-19.62,3.0,64011.483,101.9,-26.55,4.0,0.33400000000256114,315.5028464938152,False
17:46:51.570,30.01,-6.96,54.0,64011.57,-12.809999999999999,12.66,51.0,0.08699999999953434,621.6862688597831,False
17:46:51.659,-146.82,0.18,6.0,64011.659,-176.82999999999998,7.14,-48.0,0.08899999999994179,2060.3147622599836,False
17:46:52.292,34.15,-39.99,5.0,64012.292,180.97,-40.17,-1.0,0.6330000000016298,292.8552469608692,False
17:46:52.386,31.84,-11.88,9.0,64012.386,-2.3099999999999987,28.11,4.0,0.09399999999732245,303.05301056434513,False
17:46:53.075,30.91,-36.76,7.0,64013.075,-0.9299999999999997,-24.879999999999995,-2.0,0.6889999999984866,36.25192444599191,False
17:46:53.164,-40.46,5.06,87.0,64013.164,-71.37,41.82,80.0,0.08899999999994179,1292.993818048092,False
17:46:53.825,35.59,-37.94,1.0,64013.825,76.05000000000001,-43.0,-86.0,0.6610000000000582,185.46323864535208,False
17:46:53.999,0.03,-5.47,-22.0,64013.999,-35.56,32.47,-23.0,0.17400000000634464,306.6949324692793,False
17:46:54.240,-34.4,8.52,10.0,64014.24,-34.43,13.989999999999998,32.0,0.24099999999452848,203.49492813561378,False
17:46:54.750,14.2,-3.11,-2.0,64014.75,48.599999999999994,-11.629999999999999,-12.0,0.5100000000020373,100.7701390043278,False
17:46:55.115,-1.96,0.97,74.0,64015.115,-16.16,4.08,76.0,0.36499999999796273,213.16744660769643,False
17:46:55.499,42.95,2.48,-20.0,64015.499,44.910000000000004,1.51,-94.0,0.3840000000054715,271.32352723706794,False
17:46:56.099,-79.82,4.74,11.0,64016.099,-122.77,2.2600000000000002,31.0,0.5999999999985448,211.0725290041698,False
17:46:56.673,1.44,-14.67,64.0,64016.673,81.25999999999999,-19.41,53.0,0.5740000000005239,172.36768367588817,False
17:46:56.910,28.58,0.99,100.0,64016.91,27.139999999999997,15.66,36.0,0.23700000000098953,201.37747789585512,False
17:46:56.974,22.64,-1.79,12.0,64016.974,-5.939999999999998,-2.7800000000000002,-88.0,0.0639999999984866,1378.8132493751325,False
17:46:58.050,-77.0,5.49,64.0,64018.05,-99.64,7.28,52.0,1.0760000000009313,104.67311667029198,False
17:46:58.409,-112.84,0.09,1.0,64018.409,-35.84,-5.4,-63.0,0.35899999999674037,202.45668033682753,False
17:46:58.473,37.84,-39.57,1.0,64018.473,150.68,-39.660000000000004,0.0,0.0639999999984866,2434.5624326686643,False
17:46:59.255,30.96,-43.74,1.0,64019.255,-6.880000000000003,-4.170000000000002,0.0,0.7819999999992433,10.287825116857551,False
17:47:00.036,-60.66,8.86,75.0,64020.036,-91.62,52.6,74.0,0.7810000000026776,165.15292537696632,False
17:47:00.038,23.8,-23.03,9.0,64020.038,84.46,-31.89,-66.0,0.0020000000004074536,55916.150830739854,False
17:47:01.618,17.82,-0.81,-1.0,64021.618,-5.98,22.220000000000002,-10.0,1.5800000000017462,15.879503406101042,False
17:47:02.042,-50.5,3.11,71.0,64022.042,-68.32,3.92,72.0,0.4239999999990687,234.27527752756683,False
17:47:02.042,65.61,-3.8,58.0,64022.042,116.11,-6.91,-13.0,0.0,inf,True
17:47:02.257,-24.59,9.02,-2.0,64022.257,-90.2,12.82,-60.0,0.21499999999650754,507.3903241662967,False
17:47:03.391,19.02,-51.65,8.0,64023.391,43.61,-60.67,10.0,1.1340000000054715,66.47580177703486,False
17:47:03.877,-13.63,7.45,-1.0,64023.877,-32.65,59.1,-9.0,0.4859999999971478,140.157028725668,False
17:47:04.171,-165.5,3.44,3.0,64024.171,-151.87,-4.01,4.0,0.294000000001688,516.9237424298668,False
17:47:05.075,34.23,-35.24,8.0,64025.075,199.73,-38.68,5.0,0.9039999999949941,225.1132430661258,False
17:47:05.255,35.58,2.57,-17.0,64025.255,1.3500000000000014,37.81,-25.0,0.18000000000029104,251.93195485356352,False
17:47:05.376,0.97,-1.15,-15.0,64025.376,-34.61,-3.7199999999999998,2.0,0.12099999999918509,288.1549876491252,False
17:47:06.420,-6.93,-17.68,6.0,64026.42,-7.8999999999999995,-16.53,21.0,1.044000000001688,26.693924405746802,False
17:47:06.750,-108.33,2.22,1.0,64026.75,-101.4,19.9,-5.0,0.33000000000174623,313.50048293375,False
17:47:07.203,-148.54,1.73,4.0,64027.203,-40.209999999999994,-0.4900000000000002,3.0,0.4530000000013388,89.01707360915016,False
17:47:07.503,-78.35,7.73,11.0,64027.503,70.19,6.0,7.0,0.2999999999956344,235.97636652253166,False
17:47:08.309,-5.24,9.12,127.0,64028.309,73.11,1.3899999999999988,116.0,0.8060000000041327,170.12909027281037,False
17:47:08.405,15.86,-2.79,-2.0,64028.405,21.1,-11.91,-129.0,0.0959999999977299,1367.2468479505706,False
17:47:09.091,39.78,-32.28,1.0,64029.091,23.92,-29.490000000000002,3.0,0.6860000000015134,55.52436801730909,False
17:47:09.870,32.56,-47.99,1.0,64029.87,-7.219999999999999,-15.71,0.0,0.7790000000022701,22.194691325642765,False
17:47:10.349,-72.41,6.65,27.0,64030.349,-104.97,54.64,26.0,0.4789999999993597,252.94781013903716,False
17:47:10.654,33.3,-45.71,1.0,64030.654,105.71,-52.36,-26.0,0.30500000000029104,396.05924568785963,False
17:47:11.975,30.11,-27.81,3.0,64031.975,-3.1899999999999977,17.900000000000002,2.0,1.3209999999962747,13.84685453200612,False
17:47:12.124,-117.64,0.3,1.0,64032.124,-147.75,28.11,-2.0,0.14900000000488944,1009.4868809581836,False
17:47:12.810,8.04,-13.59,29.0,64032.81,125.68,-13.89,28.0,0.6859999999942374,188.78757967811288,False
17:47:12.930,48.24,-3.73,11.0,64032.93,40.2,9.86,-18.0,0.12000000000261934,376.13343523932417,False
17:47:13.116,31.83,-8.12,-1.0,64033.116,-16.410000000000004,-4.389999999999999,-12.0,0.1860000000015134,111.81764323729116,False
17:47:13.865,-42.14,9.28,-1.0,64033.865,-73.97,17.4,0.0,0.7489999999961583,101.45387514942456,False
17:47:14.526,37.44,-39.15,1.0,64034.526,79.58,-48.43,2.0,0.6610000000000582,140.967652767884,False
17:47:15.209,52.6,5.94,-10.0,64035.209,15.160000000000004,45.089999999999996,-11.0,0.6830000000045402,71.48688655847096,False
17:47:16.893,-4.52,-5.8,-1.0,64036.893,-57.120000000000005,-11.74,9.0,1.68399999999383,35.038256272684094,False
17:47:17.551,47.4,-3.92,-2.0,64037.551,51.92,1.88,-1.0,0.658000000003085,78.97211068750428,False
17:47:18.120,18.63,-13.58,3.0,64038.12,-28.77,-9.66,5.0,0.5690000000031432,54.05549438007607,False
17:47:18.330,-18.1,15.09,4.0,64038.33,-36.730000000000004,28.67,1.0,0.20999999999912689,221.93039909220613,False
17:47:18.419,43.01,-28.74,5.0,64038.419,61.11,-43.83,1.0,0.08899999999994179,845.0529603197413,False
17:47:19.113,74.9,0.46,40.0,64039.113,31.890000000000008,29.2,35.0,0.6939999999958673,80.15740319370228,False
17:47:19.234,23.42,-11.81,5.0,64039.234,-51.480000000000004,-12.270000000000001,-35.0,0.12099999999918509,524.3697971644457,False
17:47:19.923,54.2,-5.76,20.0,64039.923,30.78,6.050000000000001,15.0,0.6890000000057626,50.46565173011597,False
17:47:20.011,27.84,-9.86,34.0,64040.011,-26.360000000000003,-4.1,14.0,0.08799999999610009,342.3566992400191,False
17:47:20.700,46.1,-19.24,1.0,64040.7,18.26,-9.379999999999999,-33.0,0.6889999999984866,56.40641415037316,False
17:47:20.789,30.8,-2.68,34.0,64040.789,-15.3,16.56,33.0,0.08899999999994179,449.06214604325623,False
17:47:21.570,13.16,-6.45,4.0,64041.57,-17.64,-3.77,-30.0,0.7810000000026776,44.82133656736494,False
17:47:22.442,9.91,-7.96,3.8,64042.442,-3.25,-1.5099999999999998,-0.20000000000000018,0.8720000000030268,4.11609392377586,False
17:47:23.196,-2.29,1.46,17.0,64043.196,-12.2,9.42,13.2,0.7540000000008149,26.914137884355206,False
17:47:23.975,-74.54,15.86,5.0,64043.975,-72.25,14.399999999999999,-12.0,0.7789999999949941,95.81766631497364,False
17:47:24.658,29.56,-23.62,1.0,64044.658,104.10000000000001,-39.480000000000004,-4.0,0.6830000000045402,163.11394414013378,False
17:47:25.442,9.06,-6.66,22.0,64045.442,-20.5,16.96,21.0,0.7839999999996508,43.23380549680935,False
17:47:26.159,32.48,-42.78,1.0,64046.159,23.419999999999995,-36.120000000000005,-21.0,0.716999999996915,66.80236302237722,False
17:47:26.278,40.66,5.17,64.0,64046.278,8.18,47.95,63.0,0.11899999999877764,668.8523952235621,False
17:47:26.939,32.45,-40.91,4.0,64046.939,-8.209999999999994,-46.08,-60.0,0.6610000000000582,115.12422435306033,False
17:47:27.059,-70.28,14.19,9.0,64047.059,-102.73,55.099999999999994,5.0,0.12000000000261934,972.3419215783744,False
17:47:27.723,32.04,-49.26,4.0,64047.723,102.32,-63.449999999999996,-5.0,0.6639999999970314,181.47612170742426,False
17:47:27.812,-19.13,10.62,8.0,64047.812,-51.17,59.879999999999995,4.0,0.08899999999994179,886.1446150339739,False
17:47:28.379,-150.76,6.52,4.0,64048.379,-131.63,-4.1,-4.0,0.5670000000027358,232.37137689253805,False
17:47:28.506,43.13,-33.83,5.0,64048.506,193.89,-40.349999999999994,1.0,0.12700000000040745,1559.4220239494161,False
17:47:28.590,29.31,-1.38,80.0,64048.59,-13.820000000000004,32.449999999999996,75.0,0.08399999999528518,986.659520678978,False
17:47:29.285,37.21,-48.44,4.0,64049.285,7.900000000000002,-47.059999999999995,-76.0,0.6950000000069849,129.12058655794155,False
17:47:29.432,59.97,-9.23,67.0,64049.432,22.759999999999998,39.209999999999994,63.0,0.14699999999720603,528.0086875715231,False
17:47:30.059,38.14,-45.16,3.0,64050.059,-21.83,-35.92999999999999,-64.0,0.6270000000004075,122.12692857736539,False
17:47:30.755,-81.76,1.49,-1.0,64050.755,-119.9,46.65,-4.0,0.6959999999962747,184.93914715669732,False
17:47:31.355,-76.5,1.8,-5.0,64051.355,5.260000000000005,0.31000000000000005,-4.0,0.6000000000058208,11.025689698652634,False
17:47:32.341,33.05,-46.47,4.0,64052.341,109.55,-48.269999999999996,9.0,0.9859999999971478,121.75537871491132,False
17:47:32.430,-42.31,18.61,8.0,64052.43,-75.36,65.08,4.0,0.08899999999994179,1119.6862330351987,False
17:47:33.029,-85.4,4.8,-7.0,64053.029,-43.09,-13.809999999999999,-15.0,0.5990000000019791,79.58325584679972,False
17:47:33.149,31.28,-29.15,9.0,64053.149,116.68,-33.949999999999996,16.0,0.11999999999534339,1021.3969498914875,False
17:47:33.605,23.39,-28.19,2.0,64053.605,-7.890000000000001,0.9599999999999973,-7.0,0.45600000000558794,23.226334689347414,False
17:47:33.817,32.66,-27.9,7.0,64053.817,9.269999999999996,0.2900000000000027,5.0,0.21199999999953434,49.700285407001154,False
17:47:33.903,15.62,3.93,101.0,64053.903,-17.04,31.83,94.0,0.08599999999569263,1170.8736794393542,False
17:47:34.594,36.21,-43.86,6.0,64054.594,20.590000000000003,-47.79,-95.0,0.690999999998894,156.7557146750248,False
17:47:35.129,-29.28,-7.13,1.0,64055.129,-65.49000000000001,36.73,-5.0,0.5350000000034925,140.66004893536262,False
17:47:35.256,-84.76,4.07,58.0,64055.256,-55.480000000000004,11.2,57.0,0.12700000000040745,632.4981935984978,False
17:47:35.372,25.53,-21.31,8.0,64055.372,110.29,-25.38,-50.0,0.11600000000180444,1066.6001534319744,False
17:47:35.849,26.86,-38.11,1.0,64055.849,1.3299999999999983,-16.8,-7.0,0.47699999999895226,38.2568793454994,False
17:47:36.065,42.24,-14.45,5.0,64056.065,15.380000000000003,23.66,4.0,0.21600000000034925,131.95175418327133,False
17:47:36.150,13.98,-3.04,89.0,64056.15,-28.26,11.41,84.0,0.08499999999912689,1051.268187852591,False
17:47:36.841,37.39,-42.78,5.0,64056.841,23.41,-39.74,-84.0,0.690999999998894,138.6823642852909,False
17:47:36.959,-25.56,13.1,1.0,64056.959,-62.95,55.88,-4.0,0.11800000000221189,714.1446982799956,False
17:47:37.534,-47.95,11.48,3.0,64057.534,-22.390000000000004,-1.6199999999999992,2.0,0.5749999999970896,39.19555933356646,False
17:47:37.650,31.87,-27.57,6.0,64057.65,79.82000000000001,-39.05,3.0,0.11600000000180444,766.4726340406481,False
17:47:37.776,88.0,2.16,78.0,64057.776,56.129999999999995,29.73,72.0,0.12599999999656575,762.0060200778122,False
17:47:38.375,-62.14,6.07,41.0,64058.375,-150.14,3.91,-37.0,0.5990000000019791,258.2325711486943,False
17:47:38.525,35.92,-28.88,1.0,64058.525,98.06,-34.95,-40.0,0.1500000000014552,743.4832763495741,False
17:47:38.915,29.91,-29.54,4.0,64058.915,-6.010000000000002,-0.6600000000000001,3.0,0.3899999999994179,17.306400711566887,False
17:47:39.152,48.24,-8.04,86.0,64059.152,18.330000000000002,21.5,82.0,0.23700000000098953,365.9529185154555,False
17:47:39.243,36.58,-5.4,10.0,64059.243,-11.660000000000004,2.639999999999999,-76.0,0.09100000000034925,845.4346308288879,False
17:47:39.899,-26.91,7.88,73.0,64059.899,-63.489999999999995,13.280000000000001,63.0,0.6559999999954016,137.84010399347082,False
17:47:39.990,21.3,-23.57,9.0,64059.99,48.21,-31.45,-64.0,0.09100000000034925,945.9047163391251,False
17:47:40.711,31.07,-47.82,5.0,64060.711,9.77,-24.25,-4.0,0.7210000000050059,36.68287579158189,False
17:47:40.805,-50.67,5.72,91.0,64060.805,-81.74000000000001,53.54,86.0,0.09399999999732245,1384.776213261712,False
17:47:41.490,30.04,-49.88,6.0,64061.49,80.71000000000001,-55.6,-85.0,0.6849999999976717,189.39018767739725,False
17:47:42.271,25.06,-36.58,6.0,64062.271,-4.98,13.300000000000004,0.0,0.7810000000026776,18.184090316208714,False
17:47:42.960,-10.98,4.07,21.0,64062.96,-36.04,40.65,15.0,0.6889999999984866,81.79783625001066,False
17:47:43.114,30.54,-4.97,33.0,64063.114,41.519999999999996,-9.04,12.0,0.1540000000022701,286.71842438245216,False
17:47:43.169,-160.99,2.45,6.0,64063.169,-191.53,7.42,-27.0,0.05500000000029104,3519.381862498554,False
17:47:43.740,15.56,5.65,20.0,64063.74,176.55,3.2,14.0,0.5709999999962747,310.2156231967405,False
17:47:43.860,17.17,-0.04,39.0,64063.86,1.6100000000000012,-5.69,19.0,0.12000000000261934,165.82458100494702,False
17:47:44.527,38.16,-1.23,54.0,64064.527,20.989999999999995,-1.19,15.0,0.6670000000012806,38.72004433559482,False
17:47:44.640,30.25,-3.59,74.0,64064.64,-7.909999999999997,-2.36,20.0,0.11299999999755528,191.473362934143,False
17:47:45.330,32.33,-46.39,5.0,64065.33,2.0799999999999983,-42.8,-69.0,0.6900000000023283,117.71440952375505,False
17:47:45.424,-37.64,3.8,83.0,64065.424,-69.97,50.19,78.0,0.09399999999732245,1236.005271559505,False
17:47:46.112,32.3,-45.93,3.0,64066.112,69.94,-49.73,-80.0,0.6880000000019209,170.52755539394292,False
17:47:46.500,-162.03,6.33,3.0,64066.5,-194.32999999999998,52.26,0.0,0.38799999999901047,518.6451863656915,False
17:47:46.801,-70.19,7.25,45.0,64066.801,91.84,0.9199999999999999,42.0,0.30099999999947613,335.5223831416136,False
17:47:46.890,32.45,-48.97,5.0,64066.89,102.64,-56.22,-40.0,0.08899999999994179,1389.613663241166,False
17:47:47.011,-133.1,1.61,8.0,64067.011,-165.55,50.58,3.0,0.12099999999918509,1430.8298355135505,False
17:47:47.400,8.07,2.01,-8.3,64067.4,141.17,0.3999999999999997,-16.3,0.3890000000028522,365.3174185587862,False
17:47:47.580,-71.54,9.8,32.0,64067.58,-79.61000000000001,7.790000000000001,40.3,0.18000000000029104,497.6030881460973,False
17:47:47.700,44.67,-26.96,4.0,64067.7,116.21000000000001,-36.760000000000005,-28.0,0.11999999999534339,1042.1686024428232,False
17:47:48.180,-39.16,-9.62,3.0,64068.18,-83.83,17.340000000000003,-1.0,0.4800000000032014,178.35504759621438,False
17:47:48.392,-122.57,6.55,7.0,64068.392,-83.41,16.169999999999998,4.0,0.21199999999953434,401.2123681608652,False
17:47:48.487,39.19,-39.45,8.0,64068.487,161.76,-46.0,1.0,0.09500000000116415,1770.2777721320772,False
17:47:48.870,104.41,7.74,19.0,64068.87,65.22,47.190000000000005,11.0,0.3830000000016298,212.1407029513002,False
17:47:48.990,57.04,-32.66,3.0,64068.99,-47.37,-40.4,-16.0,0.11999999999534339,535.6769406503256,False
17:47:49.265,35.31,-43.82,8.0,64069.265,-21.729999999999997,-11.160000000000004,5.0,0.2750000000014552,90.67158064742819,False
17:47:49.350,-30.26,11.75,1.0,64069.35,-65.57000000000001,55.57,-7.0,0.08499999999912689,1014.527677456679,False
17:47:49.654,27.23,13.87,84.0,64069.654,57.49,2.119999999999999,83.0,0.3040000000037253,332.19766737107426,False
17:47:50.074,35.99,-50.07,1.0,64070.074,8.760000000000002,-63.94,-83.0,0.41999999999825377,250.32927522019298,False
17:47:50.970,39.37,-40.07,1.0,64070.97,3.3799999999999955,10.0,0.0,0.8960000000006403,11.780999631933094,False
17:47:51.240,49.9,-22.33,8.0,64071.24,10.530000000000001,17.740000000000002,7.0,0.2699999999967986,80.68537857415723,False
17:47:51.599,43.87,-31.82,1.0,64071.599,-6.030000000000001,-9.490000000000002,-7.0,0.35900000000401633,36.89320139517609,False
17:47:51.750,21.88,-1.73,-2.0,64071.75,-21.99,30.09,-3.0,0.15099999999802094,247.61200622860218,False
17:47:52.410,34.21,-51.11,1.0,64072.41,12.330000000000002,-49.38,3.0,0.6600000000034925,77.24915415794962,False
17:47:52.537,-0.27,5.87,-21.0,64072.537,-34.480000000000004,56.98,-22.0,0.1269999999931315,552.2818480300356,False
17:47:53.014,-133.01,1.14,8.0,64073.014,-132.73999999999998,-4.73,29.0,0.4770000000062282,285.0172517573,False
17:47:53.189,33.07,-44.86,1.0,64073.189,166.07999999999998,-46.0,-7.0,0.17499999999563443,985.5704475009578,False
17:47:53.580,-98.51,4.93,66.0,64073.58,-131.58,49.79,65.0,0.39100000000325963,396.35624031856867,False
17:47:53.880,-99.1,0.23,12.0,64073.88,-0.5899999999999892,-4.699999999999999,-54.0,0.2999999999956344,180.69120682305612,False
17:47:54.810,29.74,-43.47,1.0,64074.81,128.84,-43.699999999999996,-11.0,0.930000000000291,146.76704697236926,False
17:47:55.565,34.25,-46.01,1.0,64075.565,4.510000000000002,-2.539999999999999,0.0,0.7550000000046566,6.855721771750699,False
17:47:56.075,22.48,-34.31,2.0,64076.075,-11.77,11.699999999999996,1.0,0.5099999999947613,32.599942448092,False
17:47:56.339,31.78,-49.1,9.0,64076.339,9.3,-14.79,7.0,0.2640000000028522,71.2920751180498,False
17:47:56.763,-90.27,4.91,15.0,64076.763,-122.05,54.010000000000005,6.0,0.4239999999990687,315.09718709945173,False
17:47:56.910,14.21,-20.45,3.0,64076.91,104.47999999999999,-25.36,-12.0,0.147000000004482,735.9274098950549,False
17:47:57.064,-73.02,5.09,-1.0,64077.064,-87.22999999999999,25.54,-4.0,0.15399999999499414,590.7793671128524,False
17:47:57.185,11.39,-7.51,-1.0,64077.185,84.41,-12.6,0.0,0.12099999999918509,705.3324704466753,False
17:47:57.605,-12.46,-9.48,7.0,64077.605,-23.85,-1.9700000000000006,8.0,0.42000000000552973,60.07852948533591,False
17:47:57.810,43.03,-6.88,-2.0,64077.81,55.49,2.6000000000000005,-9.0,0.20499999999447027,274.51325590246336,False
17:47:57.992,-6.19,0.58,-18.0,64077.992,-49.22,7.46,-16.0,0.1820000000006985,287.3085276719593,False
17:47:58.739,-0.2,-1.19,-1.0,64078.739,5.99,-1.77,17.0,0.7470000000030268,24.245152844852832,False
17:47:59.494,47.04,9.2,-19.0,64079.494,47.24,10.389999999999999,-18.0,0.7549999999973807,68.3573284602859,False
17:47:59.792,-137.97,1.26,7.0,64079.792,-185.01,-7.9399999999999995,26.0,0.29800000000250293,627.5055062998321,False
